Workbook
Name w: #REF!
Name 과일양: #REF!
Name 과일양: #REF!
Name 과일양: #REF!
Name 과일양: #REF!
Name 과일양: #REF!
Name 요약: '[1]물류비 내역서'!$B$4:$G$121
Name 요약: #REF!
Name 요약: '물류비 내역서'!$B$4:$G$145
Name 월생산일수: #REF!
Name 월생산일수: #REF!
Name 월생산일수: #REF!
Name 월생산일수: #REF!
Name 월생산일수: #REF!
Name 입고예정서: #REF!
Name 입고예정서: #REF!
Name 입고예정서: #REF!
Name 입고예정서: #REF!
Name 입고예정서: #REF!

Sheet 물류비 청구서
B1: ( 8 ) 월 물류비 청구서
P5: 발 신 | T5: 아워박스 ㈜
B6: 수 신 | F6: ㈜ 농협목우촌 이커머스사업부 | P6: 대 표 | T6: 박 철 수 (인)
P7: 사 업 장 소 재 지 | T7: 서울시 구로구 디지털로288, 908호(구로동, 대륭포스트타워 1차)
B9: 아래와 같이 청구합니다. | P9: 전 화 | T9: 1588-9213
P10: 팩 스 | T10: 02-837-9507
O12: 기 간 | R12: : | S12: 2026년 8월 1일 ~ 2026년 8월 31일
B13: 공급가액 | H13: =O18+O42+O52+O72+O74+O76+O81 -> 2.7193698e+08 | O13: 원 정 | R13: ( \ | T13: =Y18+Y42+Y52+Y72+Y74+Y76+Y81 -> 2.9913068e+08 | AC13: )
B14: 세 액 | H14: =T18+T42+T52+T72+T74+T76+T81 -> 27193698
B15: 구 분 | H15: 수 량 | K15: 단 가 | O15: 공급가액 | T15: 세 액 | Y15: 합 계
B16: 보관료_상온 | H16: ='물류비 내역서'!C5 -> 124 | K16: ='물류비 내역서'!D5 -> 20000 | O16: =H16*K16 -> 2480000 | T16: =+O16*0.1 -> 248000 | Y16: =O16+T16 -> 2728000
B17: 보관료_저온 | H17: ='물류비 내역서'!C6 -> 248 | K17: ='물류비 내역서'!D6 -> 27000 | O17: =H17*K17 -> 6696000 | T17: =+O17*0.1 -> 669600 | Y17: =O17+T17 -> 7365600
B18: 소 계 (보 관 료) | O18: =SUM(O16:S17) -> 9176000 | T18: =SUM(T16:X17) -> 917600 | Y18: =SUM(Y16:AC17) -> 10093600
B19: 아이스박스_2K | H19: ='물류비 내역서'!C7+'물류비 내역서'!Q5+'물류비 내역서'!J5 -> 4 | K19: ='물류비 내역서'!D7 -> 420 | O19: =H19*K19 -> 1680 | T19: =+O19*0.1 -> 168 | Y19: =O19+T19 -> 1848
B20: 아이스박스_1호 | H20: ='물류비 내역서'!C8+'물류비 내역서'!J6+'물류비 내역서'!Q6 -> 26173 | K20: ='물류비 내역서'!D8 -> 550 | O20: =H20*K20 -> 14395150 | T20: =+O20*0.1 -> 1439515 | Y20: =O20+T20 -> 15834665
B21: 아이스박스_T135 | H21: ='물류비 내역서'!C9+'물류비 내역서'!J7+'물류비 내역서'!Q7 -> 6782 | K21: ='물류비 내역서'!D9 -> 650 | O21: =H21*K21 -> 4408300 | T21: =+O21*0.1 -> 440830 | Y21: =O21+T21 -> 4849130
B22: 아이스박스_2호 | H22: ='물류비 내역서'!C10+'물류비 내역서'!J8+'물류비 내역서'!Q8 -> 4483 | K22: ='물류비 내역서'!D10 -> 750 | O22: =H22*K22 -> 3362250 | T22: =+O22*0.1 -> 336225 | Y22: =O22+T22 -> 3698475
B23: 아이스박스_3호 | H23: ='물류비 내역서'!C11+'물류비 내역서'!J9+'물류비 내역서'!Q9 -> 11969 | K23: ='물류비 내역서'!D11 -> 1000 | O23: =H23*K23 -> 11969000 | T23: =+O23*0.1 -> 1196900 | Y23: =O23+T23 -> 13165900
B24: 아이스박스_4호 | H24: ='물류비 내역서'!C12+'물류비 내역서'!J10+'물류비 내역서'!Q10 -> 1347 | K24: ='물류비 내역서'!D12 -> 1350 | O24: =H24*K24 -> 1818450 | T24: =+O24*0.1 -> 181845 | Y24: =O24+T24 -> 2000295
B25: 아이스박스_5호 | H25: ='물류비 내역서'!C13+'물류비 내역서'!Q11 -> 580 | K25: ='물류비 내역서'!D13 -> 1750 | O25: =H25*K25 -> 1015000 | T25: =+O25*0.1 -> 101500 | Y25: =O25+T25 -> 1116500
B26: 아이스박스_6호 | H26: ='물류비 내역서'!C14+'물류비 내역서'!Q12 -> 154 | K26: ='물류비 내역서'!D14 -> 1950 | O26: =H26*K26 -> 300300 | T26: =+O26*0.1 -> 30030 | Y26: =O26+T26 -> 330330
B27: 아이스박스_7호 | H27: ='물류비 내역서'!C15+'물류비 내역서'!Q13 -> 84 | K27: ='물류비 내역서'!D15 -> 2500 | O27: =H27*K27 -> 210000 | T27: =+O27*0.1 -> 21000 | Y27: =O27+T27 -> 231000
B28: 종이박스_1호 | H28: ='물류비 내역서'!C16+'물류비 내역서'!J11+'물류비 내역서'!Q14 -> 6268 | K28: ='물류비 내역서'!D16 -> 210 | O28: =H28*K28 -> 1316280 | T28: =+O28*0.1 -> 131628 | Y28: =O28+T28 -> 1447908
B29: 종이박스_2호 | H29: ='물류비 내역서'!C17+'물류비 내역서'!J12+'물류비 내역서'!Q15 -> 719 | K29: ='물류비 내역서'!D17 -> 330 | O29: =H29*K29 -> 237270 | T29: =+O29*0.1 -> 23727 | Y29: =O29+T29 -> 260997
B30: 종이박스_2호(강) | H30: ='물류비 내역서'!C18+'물류비 내역서'!J13+'물류비 내역서'!Q16 -> 0 | K30: ='물류비 내역서'!D18 -> 370 | O30: =H30*K30 -> 0 | T30: =+O30*0.1 -> 0 | Y30: =O30+T30 -> 0
B31: 종이박스_3호 | H31: ='물류비 내역서'!C19+'물류비 내역서'!J14+'물류비 내역서'!Q17 -> 154 | K31: ='물류비 내역서'!D19 -> 540 | O31: =H31*K31 -> 83160 | T31: =+O31*0.1 -> 8316 | Y31: =O31+T31 -> 91476
B32: 종이박스_4호 | H32: ='물류비 내역서'!C20+'물류비 내역서'!Q18 -> 3 | K32: ='물류비 내역서'!D20 -> 700 | O32: =H32*K32 -> 2100 | T32: =+O32*0.1 -> 210 | Y32: =O32+T32 -> 2310
B33: 종이박스_5호 | H33: ='물류비 내역서'!C21+'물류비 내역서'!Q19 -> 0 | K33: ='물류비 내역서'!D21 -> 1100 | O33: =H33*K33 -> 0 | T33: =+O33*0.1 -> 0 | Y33: =O33+T33 -> 0
B34: 아이스팩_500g | H34: ='물류비 내역서'!C22+'물류비 내역서'!J15+'물류비 내역서'!Q20 -> 38030 | K34: 150 | O34: =H34*K34 -> 5704500 | T34: =+O34*0.1 -> 570450 | Y34: =O34+T34 -> 6274950
B35: 아이스팩_1000g | H35: ='물류비 내역서'!C23+'물류비 내역서'!J16+'물류비 내역서'!Q21 -> 30995 | K35: 250 | O35: =H35*K35 -> 7748750 | T35: =+O35*0.1 -> 774875 | Y35: =O35+T35 -> 8523625
B36: ='물류비 내역서'!B25 -> 드라이아이스 | H36: ='물류비 내역서'!C25+'물류비 내역서'!J18+'물류비 내역서'!Q22 -> 0 | K36: 480 | O36: =H36*K36 -> 0 | T36: =+O36*0.1 -> 0 | Y36: =O36+T36 -> 0
B37: PCM | H37: ='물류비 내역서'!C24+'물류비 내역서'!J17+'물류비 내역서'!Q23 -> 125512 | K37: 250 | O37: =H37*K37 -> 31378000 | T37: =+O37*0.1 -> 3137800 | Y37: =O37+T37 -> 34515800
B38: 에어캡 | H38: ='물류비 내역서'!C27+'물류비 내역서'!Q24 -> 1969 | K38: 60 | O38: =H38*K38 -> 118140 | T38: =+O38*0.1 -> 11814 | Y38: =O38+T38 -> 129954
B39: 인쇄물 작업 | H39: ='물류비 내역서'!C28+'물류비 내역서'!Q25 -> 27 | K39: 100 | O39: =H39*K39 -> 2700 | T39: =+O39*0.1 -> 270 | Y39: =O39+T39 -> 2970
B40: 폼텍라벨/제작비용 | H40: =일반!AR36 -> 0 | K40: 100 | O40: =H40*K40 -> 0 | T40: =+O40*0.1 -> 0 | Y40: =O40+T40 -> 0
B41: ='물류비 내역서'!B29 -> 신선테이핑 작업 | H41: ='물류비 내역서'!C29+'물류비 내역서'!Q27 -> 42 | K41: 150 | O41: =H41*K41 -> 6300 | T41: =+O41*0.1 -> 630 | Y41: =O41+T41 -> 6930
B42: 소 계 (부 자 재) | O42: =SUM(O19:S41) -> 84077330 | T42: =SUM(T19:X41) -> 8407733 | Y42: =SUM(Y19:AC41) -> 92485063
B43: 작업료_골라담기 | H43: ='물류비 내역서'!C30+'물류비 내역서'!Q28 -> 20767 | K43: 900 | O43: =H43*K43 -> 18690300 | T43: =+O43*0.1 -> 1869030 | Y43: =O43+T43 -> 20559330
B44: 작업료_세트/홈쇼핑 | H44: ='물류비 내역서'!C31+'물류비 내역서'!J19+'물류비 내역서'!Q29 -> 38060 | K44: 450 | O44: =H44*K44 -> 17127000 | T44: =+O44*0.1 -> 1712700 | Y44: =O44+T44 -> 18839700
B45: ='물류비 내역서'!B32 -> 작업료_부직포세트 | H45: ='물류비 내역서'!C32+'물류비 내역서'!Q30 -> 12 | K45: 700 | O45: =H45*K45 -> 8400 | T45: =+O45*0.1 -> 840 | Y45: =O45+T45 -> 9240
B46: 작업료_송장부착 | H46: ='물류비 내역서'!C33+'물류비 내역서'!J30+'물류비 내역서'!Q31 -> 2035 | K46: 600 | O46: =H46*K46 -> 1221000 | T46: =+O46*0.1 -> 122100 | Y46: =O46+T46 -> 1343100
B47: ='물류비 내역서'!B34 -> 작업료_조립폴리 | H47: ='물류비 내역서'!C34 -> 0 | K47: 950 | O47: =H47*K47 -> 0 | T47: =+O47*0.1 -> 0 | Y47: =O47+T47 -> 0
B48: 작업료_스티커부착 | H48: ='물류비 내역서'!J31 -> 2091 | K48: 100 | O48: =H48*K48 -> 209100 | T48: =+O48*0.1 -> 20910 | Y48: =O48+T48 -> 230010
B49: ='물류비 내역서'!B35 -> 작업료_해체비 | H49: ='물류비 내역서'!C35 -> 0 | K49: 550 | O49: =H49*K49 -> 0 | T49: =+O49*0.1 -> 0 | Y49: =O49+T49 -> 0
B50: ='물류비 내역서'!B46 -> 입고비_Pallet | H50: ='물류비 내역서'!C46 -> 422 | K50: ='물류비 내역서'!D46 -> 2500 | O50: =H50*K50 -> 1055000 | T50: =+O50*0.1 -> 105500 | Y50: =O50+T50 -> 1160500
B51: ='물류비 내역서'!B47 -> 입고비_BOX | H51: ='물류비 내역서'!C47 -> 27 | K51: ='물류비 내역서'!D47 -> 150 | O51: =H51*K51 -> 4050 | T51: =+O51*0.1 -> 405 | Y51: =O51+T51 -> 4455
B52: 소 계 (작 업 료) | O52: =SUM(O43:S51) -> 38314850 | T52: =SUM(T43:X51) -> 3831485 | Y52: =SUM(Y43:AC51) -> 42146335
B53: ='물류비 내역서'!B36 -> 저온_택배비_극소 | H53: ='물류비 내역서'!C36+'물류비 내역서'!J20 -> 19393 | K53: ='물류비 내역서'!D36 -> 2050 | O53: =H53*K53 -> 39755650 | T53: =+O53*0.1 -> 3975565 | Y53: =O53+T53 -> 43731215
B54: ='물류비 내역서'!B37 -> 저온_택배비_소 | H54: ='물류비 내역서'!C37+'물류비 내역서'!J21 -> 12562 | K54: ='물류비 내역서'!D37 -> 2550 | O54: =H54*K54 -> 32033100 | T54: =+O54*0.1 -> 3203310 | Y54: =O54+T54 -> 35236410
B55: ='물류비 내역서'!B38 -> 저온_택배비_중 | H55: ='물류비 내역서'!C38 -> 1213 | K55: ='물류비 내역서'!D38 -> 3200 | O55: =H55*K55 -> 3881600 | T55: =+O55*0.1 -> 388160 | Y55: =O55+T55 -> 4269760
B56: ='물류비 내역서'!B39 -> 저온_택배비_대 | H56: ='물류비 내역서'!C39 -> 183 | K56: ='물류비 내역서'!D39 -> 4750 | O56: =H56*K56 -> 869250 | T56: =+O56*0.1 -> 86925 | Y56: =O56+T56 -> 956175
B57: ='물류비 내역서'!B40 -> 저온_택배비_대2 | H57: ='물류비 내역서'!C40 -> 0 | K57: ='물류비 내역서'!D40 -> 4860 | O57: =H57*K57 -> 0 | T57: =+O57*0.1 -> 0 | Y57: =O57+T57 -> 0
B58: ='물류비 내역서'!B41 -> 저온_택배비_이형1 | H58: ='물류비 내역서'!C41 -> 0 | K58: ='물류비 내역서'!D41 -> 12320 | O58: =H58*K58 -> 0 | T58: =+O58*0.1 -> 0 | Y58: =O58+T58 -> 0
B59: ='물류비 내역서'!B42 -> 상온_택배비_극소 | H59: ='물류비 내역서'!C42+'물류비 내역서'!J22+'물류비 내역서'!J32 -> 4452 | K59: ='물류비 내역서'!D42 -> 1800 | O59: =H59*K59 -> 8013600 | T59: =+O59*0.1 -> 801360 | Y59: =O59+T59 -> 8814960
B60: ='물류비 내역서'!B43 -> 상온_택배비_소 | H60: ='물류비 내역서'!C43+'물류비 내역서'!J33 -> 189 | K60: ='물류비 내역서'!D43 -> 2200 | O60: =H60*K60 -> 415800 | T60: =+O60*0.1 -> 41580 | Y60: =O60+T60 -> 457380
B61: ='물류비 내역서'!B44 -> 상온_택배비_중 | H61: ='물류비 내역서'!C44+'물류비 내역서'!J34 -> 1597 | K61: ='물류비 내역서'!D44 -> 2700 | O61: =H61*K61 -> 4311900 | T61: =+O61*0.1 -> 431190 | Y61: =O61+T61 -> 4743090
B62: ='물류비 내역서'!B45 -> 상온_택배비_대 | H62: ='물류비 내역서'!C45 -> 0 | K62: ='물류비 내역서'!D45 -> 4300 | O62: =H62*K62 -> 0 | T62: =+O62*0.1 -> 0 | Y62: =O62+T62 -> 0
B63: ='물류비 내역서'!P32 -> 도착_저온_택배비_극소 | H63: ='물류비 내역서'!Q32 -> 13582 | K63: ='물류비 내역서'!R32 -> 2205 | O63: =H63*K63 -> 29948310 | T63: =+O63*0.1 -> 2994831 | Y63: =O63+T63 -> 32943141
B64: ='물류비 내역서'!P33 -> 도착_저온_택배비_소 | H64: ='물류비 내역서'!Q33 -> 3902 | K64: ='물류비 내역서'!R33 -> 2705 | O64: =H64*K64 -> 10554910 | T64: =+O64*0.1 -> 1055491 | Y64: =O64+T64 -> 11610401
B65: ='물류비 내역서'!P34 -> 도착_저온_택배비_중 | H65: ='물류비 내역서'!Q34 -> 714 | K65: ='물류비 내역서'!R34 -> 3355 | O65: =H65*K65 -> 2395470 | T65: =+O65*0.1 -> 239547 | Y65: =O65+T65 -> 2635017
B66: ='물류비 내역서'!P35 -> 도착_저온_택배비_대 | H66: ='물류비 내역서'!Q35 -> 55 | K66: ='물류비 내역서'!R35 -> 4905 | O66: =H66*K66 -> 269775 | T66: =+O66*0.1 -> 26977.5 | Y66: =O66+T66 -> 296752.5
B67: ='물류비 내역서'!P36 -> 도착_상온_택배비_극소 | H67: ='물류비 내역서'!Q36 -> 2575 | K67: ='물류비 내역서'!R36 -> 1955 | O67: =H67*K67 -> 5034125 | T67: =+O67*0.1 -> 503412.5 | Y67: =O67+T67 -> 5537537.5
B68: ='물류비 내역서'!P37 -> 도착_상온_택배비_소 | H68: ='물류비 내역서'!Q37 -> 48 | K68: ='물류비 내역서'!R37 -> 2355 | O68: =H68*K68 -> 113040 | T68: =+O68*0.1 -> 11304 | Y68: =O68+T68 -> 124344
B69: ='물류비 내역서'!P38 -> 도착_상온_택배비_중 | H69: ='물류비 내역서'!Q38 -> 358 | K69: ='물류비 내역서'!R38 -> 2855 | O69: =H69*K69 -> 1022090 | T69: =+O69*0.1 -> 102209 | Y69: =O69+T69 -> 1124299
B70: ='물류비 내역서'!P39 -> 도착_상온_택배비_대 | H70: ='물류비 내역서'!Q39 -> 0 | K70: ='물류비 내역서'!R39 -> 4455 | O70: =H70*K70 -> 0 | T70: =+O70*0.1 -> 0 | Y70: =O70+T70 -> 0
B71: ='물류비 내역서'!B50 -> 반품비 | H71: ='물류비 내역서'!C50 -> 1 | K71: ='물류비 내역서'!D50 -> 24118.182 | O71: =H71*K71 -> 24118.182 | T71: =+O71*0.1 -> 2411.8182 | Y71: =O71+T71 -> 26530
B72: 소 계 (택 배 비) | O72: =SUM(O53:S71) -> 1.3864274e+08 | T72: =SUM(T53:X71) -> 13864274 | Y72: =SUM(Y53:AC71) -> 152507012
B73: 차량출고비 | H73: ='물류비 내역서'!C51 -> 1 | K73: ='물류비 내역서'!D51 -> 604840 | O73: =H73*K73 -> 604840 | T73: =+O73*0.1 -> 60484 | Y73: =O73+T73 -> 665324
B74: 소 계 (차량출고비) | O74: =SUM(O73) -> 604840 | T74: =SUM(T73) -> 60484 | Y74: =SUM(Y73) -> 665324
B75: 클레임 | H75: ='물류비 내역서'!C54 -> 1 | K75: ='물류비 내역서'!D54 -> -5811218 | O75: =H75*K75 -> -5811218 | T75: =+O75*0.1 -> -581121.8 | Y75: =O75+T75 -> -6392339.8
B76: 소 계 (클 레 임) | O76: =SUM(O75) -> -5811218 | T76: =SUM(T75) -> -581121.8 | Y76: =SUM(Y75) -> -6392339.8
B77: ='물류비 내역서'!B48 -> 제주추가운임비 | H77: ='물류비 내역서'!C48 -> 1 | K77: ='물류비 내역서'!D48 -> 548181.82 | O77: =H77*K77 -> 548181.82 | T77: =+O77*0.1 -> 54818.182 | Y77: =O77+T77 -> 603000
B78: ='물류비 내역서'!B49 -> 도서산간추가운임비 | H78: ='물류비 내역서'!C49 -> 1 | K78: ='물류비 내역서'!D49 -> 82727.273 | O78: =H78*K78 -> 82727.273 | T78: =+O78*0.1 -> 8272.7273 | Y78: =O78+T78 -> 91000
B79: 부직포_부자재비 | H79: 1 | K79: ='물류비 내역서'!D52 -> 6293892 | O79: =H79*K79 -> 6293892 | T79: =+O79*0.1 -> 629389.2 | Y79: =O79+T79 -> 6923281.2
B80: ='물류비 내역서'!B53 -> 폐기비 | H80: ='물류비 내역서'!C50 -> 1 | K80: ='물류비 내역서'!D53 -> 7636.3636 | O80: =H80*K80 -> 7636.3636 | T80: =+O80*0.1 -> 763.63636 | Y80: =O80+T80 -> 8400
B81: 소 계 (기 타) | O81: =SUM(O77:S80) -> 6932437.5 | T81: =SUM(T77:X80) -> 693243.75 | Y81: =SUM(Y77:AC80) -> 7625681.2
B83: 1. 귀사의 일익 번창 하심을 기원합니다.
B84: 2. 세부 내역은 다음 시트에서 확인 가능합니다.

Sheet 물류비 내역서
B2: 요 약 (일반) | I2: 요 약 (홈쇼핑) | P2: 요 약 (도착보장)
G3: [ VAT 포함 ] | N3: [ VAT 포함 ] | U3: [ VAT 포함 ]
B4: 품명 | C4: 수량 | D4: 단가 | E4: 공급가액 | F4: 세액 | G4: 합계액 | I4: 품명 | J4: 수량 | K4: 단가 | L4: 공급가액 | M4: 세액 | N4: 합계액 | P4: 품명 | Q4: 수량 | R4: 단가 | S4: 공급가액 | T4: 세액 | U4: 합계액
B5: 보관료_상온 | C5: =보관료_합계!C37 -> 124 | D5: 20000 | E5: =C5*D5 -> 2480000 | F5: =E5*0.1 -> 248000 | G5: =SUM(E5:F5) -> 2728000 | I5: 홈쇼핑_아이스박스_2K | J5: =홈쇼핑!AA35 -> 4 | K5: 420 | L5: =J5*K5 -> 1680 | M5: =L5*0.1 -> 168 | N5: =SUM(L5:M5) -> 1848 | P5: =도착보장!B2 -> 도착_아이스박스_2K | Q5: =도착보장!B36 -> 0 | R5: 420 | S5: =Q5*R5 -> 0 | T5: =S5*0.1 -> 0 | U5: =SUM(S5:T5) -> 0
B6: 보관료_저온 | C6: =보관료_합계!D37+보관료_합계!E37 -> 248 | D6: 27000 | E6: =C6*D6 -> 6696000 | F6: =E6*0.1 -> 669600 | G6: =SUM(E6:F6) -> 7365600 | I6: 홈쇼핑_아이스박스_1호 | J6: =홈쇼핑!B35+홈쇼핑!C35+홈쇼핑!AB35+홈쇼핑!AC35 -> 6 | K6: 550 | L6: =J6*K6 -> 3300 | M6: =L6*0.1 -> 330 | N6: =SUM(L6:M6) -> 3630 | P6: =도착보장!C2 -> 도착_아이스박스_1호 | Q6: =도착보장!C36+도착보장!K36 -> 11598 | R6: 550 | S6: =Q6*R6 -> 6378900 | T6: =S6*0.1 -> 637890 | U6: =SUM(S6:T6) -> 7016790
B7: =일반!B2 -> 일반_아이스박스_2K | C7: =일반!B36 -> 0 | D7: 420 | E7: =C7*D7 -> 0 | F7: =E7*0.1 -> 0 | G7: =SUM(E7:F7) -> 0 | I7: 홈쇼핑_아이스박스_T135 | J7: =홈쇼핑!D35+홈쇼핑!E35+홈쇼핑!AD35+홈쇼핑!AE35 -> 19 | K7: 650 | L7: =J7*K7 -> 12350 | M7: =L7*0.1 -> 1235 | N7: =SUM(L7:M7) -> 13585 | P7: =도착보장!D2 -> 도착_아이스박스_T135 | Q7: =도착보장!D36+도착보장!L36 -> 1984 | R7: 650 | S7: =Q7*R7 -> 1289600 | T7: =S7*0.1 -> 128960 | U7: =SUM(S7:T7) -> 1418560
B8: =일반!C2 -> 일반_아이스박스_1호 | C8: =일반!C36+일반!K36 -> 14569 | D8: 550 | E8: =C8*D8 -> 8012950 | F8: =E8*0.1 -> 801295 | G8: =SUM(E8:F8) -> 8814245 | I8: 홈쇼핑_아이스박스_2호 | J8: =홈쇼핑!F35+홈쇼핑!G35+홈쇼핑!AF35+홈쇼핑!AG35 -> 0 | K8: 750 | L8: =J8*K8 -> 0 | M8: =L8*0.1 -> 0 | N8: =SUM(L8:M8) -> 0 | P8: =도착보장!E2 -> 도착_아이스박스_2호 | Q8: =도착보장!E36+도착보장!M36 -> 2017 | R8: 750 | S8: =Q8*R8 -> 1512750 | T8: =S8*0.1 -> 151275 | U8: =SUM(S8:T8) -> 1664025
B9: =일반!D2 -> 일반_아이스박스_T135 | C9: =일반!D36+일반!L36 -> 4779 | D9: 650 | E9: =C9*D9 -> 3106350 | F9: =E9*0.1 -> 310635 | G9: =SUM(E9:F9) -> 3416985 | I9: 홈쇼핑_아이스박스_3호 | J9: =홈쇼핑!H35+홈쇼핑!I35+홈쇼핑!AH35+홈쇼핑!AI35 -> 25 | K9: 1000 | L9: =J9*K9 -> 25000 | M9: =L9*0.1 -> 2500 | N9: =SUM(L9:M9) -> 27500 | P9: =도착보장!F2 -> 도착_아이스박스_3호 | Q9: =도착보장!F36+도착보장!N36 -> 1885 | R9: 1000 | S9: =Q9*R9 -> 1885000 | T9: =S9*0.1 -> 188500 | U9: =SUM(S9:T9) -> 2073500
B10: =일반!E2 -> 일반_아이스박스_2호 | C10: =일반!E36+일반!M36 -> 2466 | D10: 750 | E10: =C10*D10 -> 1849500 | F10: =E10*0.1 -> 184950 | G10: =SUM(E10:F10) -> 2034450 | I10: 홈쇼핑_아이스박스_4호 | J10: =홈쇼핑!J35+홈쇼핑!K35+홈쇼핑!AJ35+홈쇼핑!AK35 -> 0 | K10: 1350 | L10: =J10*K10 -> 0 | M10: =L10*0.1 -> 0 | N10: =SUM(L10:M10) -> 0 | P10: =도착보장!G2 -> 도착_아이스박스_4호 | Q10: =도착보장!G36+도착보장!O36 -> 474 | R10: 1350 | S10: =Q10*R10 -> 639900 | T10: =S10*0.1 -> 63990 | U10: =SUM(S10:T10) -> 703890
B11: =일반!F2 -> 일반_아이스박스_3호 | C11: =일반!F36+일반!N36 -> 10059 | D11: 1000 | E11: =C11*D11 -> 10059000 | F11: =E11*0.1 -> 1005900 | G11: =SUM(E11:F11) -> 11064900 | I11: 홈쇼핑_종이박스_1호 | J11: =홈쇼핑!P35+홈쇼핑!AP35 -> 5 | K11: 210 | L11: =J11*K11 -> 1050 | M11: =L11*0.1 -> 105 | N11: =SUM(L11:M11) -> 1155 | P11: =도착보장!H2 -> 도착_아이스박스_5호 | Q11: =도착보장!H36+도착보장!P36 -> 240 | R11: 1750 | S11: =Q11*R11 -> 420000 | T11: =S11*0.1 -> 42000 | U11: =SUM(S11:T11) -> 462000
B12: =일반!G2 -> 일반_아이스박스_4호 | C12: =일반!G36+일반!O36 -> 873 | D12: 1350 | E12: =C12*D12 -> 1178550 | F12: =E12*0.1 -> 117855 | G12: =SUM(E12:F12) -> 1296405 | I12: 홈쇼핑_종이박스_2호 | J12: =홈쇼핑!Q35+홈쇼핑!AQ35 -> 0 | K12: 330 | L12: =J12*K12 -> 0 | M12: =L12*0.1 -> 0 | N12: =SUM(L12:M12) -> 0 | P12: =도착보장!I2 -> 도착_아이스박스_6호 | Q12: =도착보장!I36+도착보장!Q36+도착보장!AC36 -> 42 | R12: 1950 | S12: =Q12*R12 -> 81900 | T12: =S12*0.1 -> 8190 | U12: =SUM(S12:T12) -> 90090
B13: =일반!H2 -> 일반_아이스박스_5호 | C13: =일반!H36+일반!P36 -> 340 | D13: 1750 | E13: =C13*D13 -> 595000 | F13: =E13*0.1 -> 59500 | G13: =SUM(E13:F13) -> 654500 | I13: 홈쇼핑_종이박스_2호(강) | J13: 0 | K13: 370 | L13: =J13*K13 -> 0 | M13: =L13*0.1 -> 0 | N13: =SUM(L13:M13) -> 0 | P13: =도착보장!J2 -> 도착_아이스박스_7호 | Q13: =도착보장!J36+도착보장!R36+도착보장!AD36 -> 13 | R13: 2500 | S13: =Q13*R13 -> 32500 | T13: =S13*0.1 -> 3250 | U13: =SUM(S13:T13) -> 35750
B14: =일반!I2 -> 일반_아이스박스_6호 | C14: =일반!I36+일반!Q36+일반!AC36 -> 112 | D14: 1950 | E14: =C14*D14 -> 218400 | F14: =E14*0.1 -> 21840 | G14: =SUM(E14:F14) -> 240240 | I14: 홈쇼핑_종이박스_3호 | K14: 540 | L14: =J14*K14 -> 0 | M14: =L14*0.1 -> 0 | N14: =SUM(L14:M14) -> 0 | P14: =도착보장!T2 -> 도착_종이박스_1호 | Q14: =도착보장!T36 -> 2189 | R14: 210 | S14: =Q14*R14 -> 459690 | T14: =S14*0.1 -> 45969 | U14: =SUM(S14:T14) -> 505659
B15: =일반!J2 -> 일반_아이스박스_7호 | C15: =일반!J36+일반!R36+일반!AD36 -> 71 | D15: 2500 | E15: =C15*D15 -> 177500 | F15: =E15*0.1 -> 17750 | G15: =SUM(E15:F15) -> 195250 | I15: =홈쇼핑!AT2 -> 아이스팩_500g | J15: =홈쇼핑!AT35 -> 113 | K15: 150 | L15: =J15*K15 -> 16950 | M15: =L15*0.1 -> 1695 | N15: =SUM(L15:M15) -> 18645 | P15: =도착보장!U2 -> 도착_종이박스_2호 | Q15: =도착보장!U36 -> 375 | R15: 330 | S15: =Q15*R15 -> 123750 | T15: =S15*0.1 -> 12375 | U15: =SUM(S15:T15) -> 136125
B16: =일반!T2 -> 일반_종이박스_1호 | C16: =일반!T36 -> 4074 | D16: 210 | E16: =C16*D16 -> 855540 | F16: =E16*0.1 -> 85554 | G16: =SUM(E16:F16) -> 941094 | I16: =홈쇼핑!AU2 -> 아이스팩_1000g | J16: =홈쇼핑!AU35 -> 66 | K16: 250 | L16: =J16*K16 -> 16500 | M16: =L16*0.1 -> 1650 | N16: =SUM(L16:M16) -> 18150 | P16: =도착보장!V2 -> 도착_종이박스_2호(강) | Q16: =도착보장!V36 -> 0 | R16: 370 | S16: =Q16*R16 -> 0 | T16: =S16*0.1 -> 0 | U16: =SUM(S16:T16) -> 0
B17: =일반!U2 -> 일반_종이박스_2호 | C17: =일반!U36 -> 344 | D17: 330 | E17: =C17*D17 -> 113520 | F17: =E17*0.1 -> 11352 | G17: =SUM(E17:F17) -> 124872 | I17: =홈쇼핑!AV2 -> PCM | J17: =홈쇼핑!AV35 -> 109 | K17: 250 | L17: =J17*K17 -> 27250 | M17: =L17*0.1 -> 2725 | N17: =SUM(L17:M17) -> 29975 | P17: =도착보장!W2 -> 도착_종이박스_3호 | Q17: =도착보장!W36 -> 48 | R17: 540 | S17: =Q17*R17 -> 25920 | T17: =S17*0.1 -> 2592 | U17: =SUM(S17:T17) -> 28512
B18: =일반!V2 -> 일반_종이박스_2호 (강) | C18: =일반!V36 -> 0 | D18: 370 | E18: =C18*D18 -> 0 | F18: =E18*0.1 -> 0 | G18: =SUM(E18:F18) -> 0 | I18: =홈쇼핑!AW2 -> 드라이아이스 | J18: =홈쇼핑!AW35 -> 0 | K18: 480 | L18: =J18*K18 -> 0 | M18: =L18*0.1 -> 0 | N18: =SUM(L18:M18) -> 0 | P18: =도착보장!X2 -> 도착_종이박스_4호 | Q18: =도착보장!X36 -> 0 | R18: 700 | S18: =Q18*R18 -> 0 | T18: =S18*0.1 -> 0 | U18: =SUM(S18:T18) -> 0
B19: =일반!W2 -> 일반_종이박스_3호 | C19: =일반!W36 -> 106 | D19: 540 | E19: =C19*D19 -> 57240 | F19: =E19*0.1 -> 5724 | G19: =SUM(E19:F19) -> 62964 | I19: =일반!AV$2 -> 작업료_세트/홈쇼핑 | J19: =홈쇼핑!AY35 -> 96 | K19: 450 | L19: =J19*K19 -> 43200 | M19: =L19*0.1 -> 4320 | N19: =SUM(L19:M19) -> 47520 | P19: =도착보장!Y2 -> 도착_종이박스_5호 | Q19: =도착보장!Y36 -> 0 | R19: 1100 | S19: =Q19*R19 -> 0 | T19: =S19*0.1 -> 0 | U19: =SUM(S19:T19) -> 0
B20: =일반!X2 -> 일반_종이박스_4호 | C20: =일반!X36 -> 3 | D20: 700 | E20: =C20*D20 -> 2100 | F20: =E20*0.1 -> 210 | G20: =SUM(E20:F20) -> 2310 | I20: =홈쇼핑!BA2 -> 저온_택배비_극소 | J20: =홈쇼핑!BA35 -> 15 | K20: 2050 | L20: =J20*K20 -> 30750 | M20: =L20*0.1 -> 3075 | N20: =SUM(L20:M20) -> 33825 | P20: =도착보장!AL2 -> 도착_아이스팩_500g | Q20: =도착보장!AL36 -> 10946 | R20: 150 | S20: =Q20*R20 -> 1641900 | T20: =S20*0.1 -> 164190 | U20: =SUM(S20:T20) -> 1806090
B21: =일반!Y2 -> 일반_종이박스_5호 | C21: =일반!Y36 -> 0 | D21: 1100 | E21: =C21*D21 -> 0 | F21: =E21*0.1 -> 0 | G21: =SUM(E21:F21) -> 0 | I21: =홈쇼핑!BB2 -> 저온_택배비_소 | J21: =홈쇼핑!BB35 -> 25 | K21: 2550 | L21: =J21*K21 -> 63750 | M21: =L21*0.1 -> 6375 | N21: =SUM(L21:M21) -> 70125 | P21: =도착보장!AM2 -> 도착_아이스팩_1000g | Q21: =도착보장!AM36 -> 3012 | R21: 250 | S21: =Q21*R21 -> 753000 | T21: =S21*0.1 -> 75300 | U21: =SUM(S21:T21) -> 828300
B22: =일반!AL$2 -> 아이스팩_500g | C22: =일반!AL36 -> 26971 | D22: 150 | E22: =C22*D22 -> 4045650 | F22: =E22*0.1 -> 404565 | G22: =SUM(E22:F22) -> 4450215 | I22: =홈쇼핑!BC2 -> 상온_택배비_극소 | J22: =홈쇼핑!BC35 -> 5 | K22: 1800 | L22: =J22*K22 -> 9000 | M22: =L22*0.1 -> 900 | N22: =SUM(L22:M22) -> 9900 | P22: =도착보장!AO2 -> 도착_드라이아이스 | Q22: =도착보장!AO36 -> 0 | R22: 480 | S22: =Q22*R22 -> 0 | T22: =S22*0.1 -> 0 | U22: =SUM(S22:T22) -> 0
B23: =일반!AM$2 -> 아이스팩_1000g | C23: =일반!AM36 -> 27917 | D23: 250 | E23: =C23*D23 -> 6979250 | F23: =E23*0.1 -> 697925 | G23: =SUM(E23:F23) -> 7677175 | I23: 합계 금액 | N23: =SUM(N5:N22) -> 275858 | P23: =도착보장!AN2 -> 도착_PCM | Q23: =도착보장!AN36 -> 44051 | R23: 250 | S23: =Q23*R23 -> 11012750 | T23: =S23*0.1 -> 1101275 | U23: =SUM(S23:T23) -> 12114025
B24: =일반!AN2 -> PCM | C24: =일반!AN36 -> 81352 | D24: 250 | E24: =C24*D24 -> 20338000 | F24: =E24*0.1 -> 2033800 | G24: =SUM(E24:F24) -> 22371800 | P24: =도착보장!AP2 -> 도착_에어캡 | Q24: =도착보장!AP36 -> 865 | R24: 60 | S24: =Q24*R24 -> 51900 | T24: =S24*0.1 -> 5190 | U24: =SUM(S24:T24) -> 57090
B25: =일반!AO2 -> 드라이아이스 | C25: =일반!AO36 -> 0 | D25: 480 | E25: =C25*D25 -> 0 | F25: =E25*0.1 -> 0 | G25: =SUM(E25:F25) -> 0 | P25: =도착보장!AQ2 -> 도착_인쇄물 작업 | Q25: =도착보장!AQ36 -> 0 | R25: 100 | S25: =Q25*R25 -> 0 | T25: =S25*0.1 -> 0 | U25: =SUM(S25:T25) -> 0
B26: 폼텍라벨/제작비용 | C26: =일반!AR36 -> 0 | D26: 100 | E26: =C26*D26 -> 0 | F26: =E26*0.1 -> 0 | G26: =SUM(E26:F26) -> 0 | P26: 도착_폼텍라벨/제작비용 | R26: 100 | S26: =Q26*R26 -> 0 | T26: =S26*0.1 -> 0 | U26: =SUM(S26:T26) -> 0
B27: =일반!AP2 -> 에어캡 | C27: =일반!AP36 -> 1104 | D27: 60 | E27: =C27*D27 -> 66240 | F27: =E27*0.1 -> 6624 | G27: =SUM(E27:F27) -> 72864 | I27: 요 약 (쿠팡) | P27: =도착보장!AR2 -> 도착_신선테이핑 작업 | Q27: =도착보장!AR36 -> 0 | R27: 150 | S27: =Q27*R27 -> 0 | T27: =S27*0.1 -> 0 | U27: =SUM(S27:T27) -> 0
B28: =일반!AQ2 -> 인쇄물 작업 | C28: =일반!AQ36 -> 27 | D28: 100 | E28: =C28*D28 -> 2700 | F28: =E28*0.1 -> 270 | G28: =SUM(E28:F28) -> 2970 | N28: [ VAT 포함 ] | P28: =도착보장!AT2 -> 도착_작업료_골라담기 | Q28: =도착보장!AT36 -> 8294 | R28: 900 | S28: =Q28*R28 -> 7464600 | T28: =S28*0.1 -> 746460 | U28: =SUM(S28:T28) -> 8211060
B29: =일반!AS2 -> 신선테이핑 작업 | C29: =일반!AS36 -> 42 | D29: 150 | E29: =C29*D29 -> 6300 | F29: =E29*0.1 -> 630 | G29: =SUM(E29:F29) -> 6930 | I29: 품명 | J29: 수량 | K29: 단가 | L29: 공급가액 | M29: 세액 | N29: 합계액 | P29: =도착보장!AU2 -> 도착_작업료_세트/홈쇼핑 | Q29: =도착보장!AU36 -> 12582 | R29: 450 | S29: =Q29*R29 -> 5661900 | T29: =S29*0.1 -> 566190 | U29: =SUM(S29:T29) -> 6228090
B30: =일반!AU$2 -> 작업료_골라담기 | C30: =일반!AU36 -> 12473 | D30: 900 | E30: =C30*D30 -> 11225700 | F30: =E30*0.1 -> 1122570 | G30: =SUM(E30:F30) -> 12348270 | I30: =쿠팡택배!N2 -> 작업료_송장부착 | J30: =쿠팡택배!N35 -> 523 | K30: 600 | L30: =J30*K30 -> 313800 | M30: =L30*0.1 -> 31380 | N30: =SUM(L30:M30) -> 345180 | P30: =도착보장!AV2 -> 도착_부직포세트 | Q30: =도착보장!AV36 -> 0 | R30: 700 | S30: =Q30*R30 -> 0 | T30: =S30*0.1 -> 0 | U30: =SUM(S30:T30) -> 0
B31: =일반!AV$2 -> 작업료_세트/홈쇼핑 | C31: =일반!AV36 -> 25382 | D31: 450 | E31: =C31*D31 -> 11421900 | F31: =E31*0.1 -> 1142190 | G31: =SUM(E31:F31) -> 12564090 | I31: =쿠팡택배!O2 -> 작업료_스티커 부착 | J31: =쿠팡택배!O35 -> 2091 | K31: 100 | L31: =J31*K31 -> 209100 | M31: =L31*0.1 -> 20910 | N31: =SUM(L31:M31) -> 230010 | P31: =도착보장!AW2 -> 도착_작업료_송장부착 | Q31: =도착보장!AW36 -> 358 | R31: 600 | S31: =Q31*R31 -> 214800 | T31: =S31*0.1 -> 21480 | U31: =SUM(S31:T31) -> 236280
B32: =일반!AW2 -> 작업료_부직포세트 | C32: =일반!AW36 -> 12 | D32: 700 | E32: =C32*D32 -> 8400 | F32: =E32*0.1 -> 840 | G32: =SUM(E32:F32) -> 9240 | I32: =쿠팡택배!Q2 -> 상온_택배비_극소 | J32: =쿠팡택배!Q35 -> 0 | K32: 1800 | L32: =J32*K32 -> 0 | M32: =L32*0.1 -> 0 | N32: =SUM(L32:M32) -> 0 | P32: =도착보장!BA2 -> 도착_저온_택배비_극소 | Q32: =도착보장!BA36 -> 13582 | R32: =D36+155 -> 2205 | S32: =Q32*R32 -> 29948310 | T32: =S32*0.1 -> 2994831 | U32: =SUM(S32:T32) -> 32943141
B33: =일반!AX2 -> 작업료_송장부착 | C33: =일반!AX36 -> 1154 | D33: 600 | E33: =C33*D33 -> 692400 | F33: =E33*0.1 -> 69240 | G33: =SUM(E33:F33) -> 761640 | I33: =쿠팡택배!R2 -> 상온_택배비_소 | J33: =쿠팡택배!R35 -> 83 | K33: 2200 | L33: =J33*K33 -> 182600 | M33: =L33*0.1 -> 18260 | N33: =SUM(L33:M33) -> 200860 | P33: =도착보장!BB2 -> 도착_저온_택배비_소 | Q33: =도착보장!BB36 -> 3902 | R33: =D37+155 -> 2705 | S33: =Q33*R33 -> 10554910 | T33: =S33*0.1 -> 1055491 | U33: =SUM(S33:T33) -> 11610401
B34: =일반!AY2 -> 작업료_조립폴리 | C34: =일반!AY36 -> 0 | D34: 950 | E34: =C34*D34 -> 0 | F34: =E34*0.1 -> 0 | G34: =SUM(E34:F34) -> 0 | I34: =쿠팡택배!S2 -> 상온_택배비_중 | J34: =쿠팡택배!S35 -> 440 | K34: 2700 | L34: =J34*K34 -> 1188000 | M34: =L34*0.1 -> 118800 | N34: =SUM(L34:M34) -> 1306800 | P34: =도착보장!BC2 -> 도착_저온_택배비_중 | Q34: =도착보장!BC36 -> 714 | R34: =D38+155 -> 3355 | S34: =Q34*R34 -> 2395470 | T34: =S34*0.1 -> 239547 | U34: =SUM(S34:T34) -> 2635017
B35: 작업료_해체비 | C35: =일반!AZ36 -> 0 | D35: 550 | E35: =C35*D35 -> 0 | F35: =E35*0.1 -> 0 | G35: =SUM(E35:F35) -> 0 | I35: 합계 금액 | N35: =SUM(N30:N34) -> 2082850 | P35: =도착보장!BD2 -> 도착_저온_택배비_대 | Q35: =도착보장!BD36 -> 55 | R35: =D39+155 -> 4905 | S35: =Q35*R35 -> 269775 | T35: =S35*0.1 -> 26977.5 | U35: =SUM(S35:T35) -> 296752.5
B36: =일반!BB$2 -> 저온_택배비_극소 | C36: =일반!BB36 -> 19378 | D36: 2050 | E36: =C36*D36 -> 39724900 | F36: =E36*0.1 -> 3972490 | G36: =SUM(E36:F36) -> 43697390 | P36: =도착보장!BG2 -> 도착_상온_택배비_극소 | Q36: =도착보장!BG36 -> 2575 | R36: =D42+155 -> 1955 | S36: =Q36*R36 -> 5034125 | T36: =S36*0.1 -> 503412.5 | U36: =SUM(S36:T36) -> 5537537.5
B37: =일반!BC$2 -> 저온_택배비_소 | C37: =일반!BC36 -> 12537 | D37: 2550 | E37: =C37*D37 -> 31969350 | F37: =E37*0.1 -> 3196935 | G37: =SUM(E37:F37) -> 35166285 | P37: =도착보장!BH2 -> 도착_상온_택배비_소 | Q37: =도착보장!BH36 -> 48 | R37: =D43+155 -> 2355 | S37: =Q37*R37 -> 113040 | T37: =S37*0.1 -> 11304 | U37: =SUM(S37:T37) -> 124344
B38: =일반!BD$2 -> 저온_택배비_중 | C38: =일반!BD36 -> 1213 | D38: 3200 | E38: =C38*D38 -> 3881600 | F38: =E38*0.1 -> 388160 | G38: =SUM(E38:F38) -> 4269760 | P38: =도착보장!BI2 -> 도착_상온_택배비_중 | Q38: =도착보장!BI36 -> 358 | R38: =D44+155 -> 2855 | S38: =Q38*R38 -> 1022090 | T38: =S38*0.1 -> 102209 | U38: =SUM(S38:T38) -> 1124299
B39: =일반!BE$2 -> 저온_택배비_대 | C39: =일반!BE36 -> 183 | D39: 4750 | E39: =C39*D39 -> 869250 | F39: =E39*0.1 -> 86925 | G39: =SUM(E39:F39) -> 956175 | P39: =도착보장!BJ2 -> 도착_상온_택배비_대 | Q39: =도착보장!BJ36 -> 0 | R39: =D45+155 -> 4455 | S39: =Q39*R39 -> 0 | T39: =S39*0.1 -> 0 | U39: =SUM(S39:T39) -> 0
B40: =일반!BF$2 -> 저온_택배비_대2 | C40: =일반!BF36 -> 0 | D40: 4860 | E40: =C40*D40 -> 0 | F40: =E40*0.1 -> 0 | G40: =SUM(E40:F40) -> 0 | P40: 합계 금액 | U40: =SUM(U5:U39) -> 97887328
B41: =일반!BG$2 -> 저온_택배비_이형1 | C41: =일반!BG36 -> 0 | D41: 12320 | E41: =C41*D41 -> 0 | F41: =E41*0.1 -> 0 | G41: =SUM(E41:F41) -> 0
B42: =일반!BH$2 -> 상온_택배비_극소 | C42: =일반!BH36 -> 4447 | D42: 1800 | E42: =C42*D42 -> 8004600 | F42: =E42*0.1 -> 800460 | G42: =SUM(E42:F42) -> 8805060
B43: =일반!BI$2 -> 상온_택배비_소 | C43: =일반!BI36 -> 106 | D43: 2200 | E43: =C43*D43 -> 233200 | F43: =E43*0.1 -> 23320 | G43: =SUM(E43:F43) -> 256520
B44: =일반!BJ$2 -> 상온_택배비_중 | C44: =일반!BJ36 -> 1157 | D44: 2700 | E44: =C44*D44 -> 3123900 | F44: =E44*0.1 -> 312390 | G44: =SUM(E44:F44) -> 3436290
B45: =일반!BK$2 -> 상온_택배비_대 | C45: =일반!BK36 -> 0 | D45: 4300 | E45: =C45*D45 -> 0 | F45: =E45*0.1 -> 0 | G45: =SUM(E45:F45) -> 0
B46: =일반!BM$2 -> 입고비_Pallet | C46: =일반!BM36 -> 422 | D46: 2500 | E46: =C46*D46 -> 1055000 | F46: =E46*0.1 -> 105500 | G46: =SUM(E46:F46) -> 1160500
B47: =일반!BN$2 -> 입고비_BOX | C47: =일반!BN36 -> 27 | D47: 150 | E47: =C47*D47 -> 4050 | F47: =E47*0.1 -> 405 | G47: =SUM(E47:F47) -> 4455
B48: 제주추가운임비 | C48: 1 | D48: =제주도서!H247/1.1 -> 548181.82 | E48: =C48*D48 -> 548181.82 | F48: =E48*0.1 -> 54818.182 | G48: =SUM(E48:F48) -> 603000
B49: 도서산간추가운임비 | C49: 1 | D49: =제주도서!H248/1.1 -> 82727.273 | E49: =C49*D49 -> 82727.273 | F49: =E49*0.1 -> 8272.7273 | G49: =SUM(E49:F49) -> 91000
B50: 반품비 | C50: 1 | D50: =반품!G24/1.1 -> 24118.182 | E50: =C50*D50 -> 24118.182 | F50: =E50*0.1 -> 2411.8182 | G50: =SUM(E50:F50) -> 26530
B51: 차량출고비 | C51: 1 | D51: =차량출고!AC25/1.1 -> 604840 | E51: =C51*D51 -> 604840 | F51: =E51*0.1 -> 60484 | G51: =SUM(E51:F51) -> 665324
B52: 부직포_부자재비 | C52: 1 | D52: 6293892 | E52: =C52*D52 -> 6293892 | F52: =E52*0.1 -> 629389.2 | G52: =SUM(E52:F52) -> 6923281.2
B53: 폐기비 | C53: 1 | D53: =폐기!K53/1.1 -> 7636.3636 | E53: =C53*D53 -> 7636.3636 | F53: =E53*0.1 -> 763.63636 | G53: =SUM(E53:F53) -> 8400
B54: 클레임 | C54: 1 | D54: =ROUNDUP(-클레임!S365/1.1,0) -> -5811218 | E54: =C54*D54 -> -5811218 | F54: =E54*0.1 -> -581121.8 | G54: =SUM(E54:F54) -> -6392339.8
B55: 합계 금액 | G55: =SUM(G5:G54) -> 1.9888464e+08
A2225: 목우촌(부서)

Sheet 일반
B1: 일반
A2: ㈜농협목우촌 | B2: 일반_아이스박스_2K | C2: 일반_아이스박스_1호 | D2: 일반_아이스박스_T135 | E2: 일반_아이스박스_2호 | F2: 일반_아이스박스_3호 | G2: 일반_아이스박스_4호 | H2: 일반_아이스박스_5호 | I2: 일반_아이스박스_6호 | J2: 일반_아이스박스_7호 | K2: 일반_아이스박스_1호 | L2: 일반_아이스박스_T135 | M2: 일반_아이스박스_2호 | N2: 일반_아이스박스_3호 | O2: 일반_아이스박스_4호 | P2: 일반_아이스박스_5호 | Q2: 일반_아이스박스_6호 | R2: 일반_아이스박스_7호 | S2: 냉동_송장부착 | T2: 일반_종이박스_1호 | U2: 일반_종이박스_2호 | V2: 일반_종이박스_2호 (강) | W2: 일반_종이박스_3호 | X2: 일반_종이박스_4호 | Y2: 일반_종이박스_5호 | Z2: 송장부착 | AA2: 보냉세트 (1개) | AB2: 보냉세트 (2개) | AC2: 보냉 6호 | AD2: 보냉 7호 | AE2: 폴리세트 (1개) | AF2: 폴리세트 (2개) | AG2: 조립폴리세트 | AH2: 부직포세트 | AI2: 송장부착세트 | AJ2: 총수량 | AL2: 아이스팩_500g | AM2: 아이스팩_1000g | AN2: PCM | AO2: 드라이아이스 | AP2: 에어캡 | AQ2: 인쇄물 작업 | AR2: 폼텍라벨/ 제작비용 | AS2: 신선테이핑 작업 | AU2: 작업료_골라담기 | AV2: 작업료_세트/홈쇼핑 | AW2: 작업료_부직포세트 | AX2: 작업료_송장부착 | AY2: 작업료_조립폴리 | AZ2: 작업료_해체비 | BB2: 저온_택배비_극소 | BC2: 저온_택배비_소 | BD2: 저온_택배비_중 | BE2: 저온_택배비_대 | BF2: 저온_택배비_대2 | BG2: 저온_택배비_이형1 | BH2: 상온_택배비_극소 | BI2: 상온_택배비_소 | BJ2: 상온_택배비_중 | BK2: 상온_택배비_대 | BM2: 입고비_Pallet | BN2: 입고비_BOX | BO2: 특이사항
A3: 사이즈 | B3: 극소 | C3: 극소 | D3: 극소 | E3: 소 | F3: 소 | G3: 중 | H3: 중 | I3: 대 | J3: 대 | K3: 극소 | L3: 극소 | M3: 소 | N3: 소 | O3: 중 | P3: 중 | Q3: 대 | R3: 대 | S3: 소 | T3: 극소 | U3: 극소 | V3: 극소 | W3: 소 | X3: 중 | Y3: 대 | Z3: 중 | AA3: 보냉팩 | AB3: 보냉팩 | AC3: 대 | AD3: 대 | AE3: 폴리백 | AF3: 폴리백 | AG3: 폴리백 | AH3: 부직포 | AI3: 중 | BB3: 극소 | BC3: 소 | BD3: 중 | BE3: 대 | BF3: 대2 | BG3: 이형 | BH3: 극소 | BI3: 소 | BJ3: 중 | BK3: 대
A4: 품온 | B4: 냉장 | K4: 냉동 | T4: 상온 | AA4: 세트
A5: 46235 | AJ5: =SUM(B5:AI5) -> 0 | AL5: =B5+SUM(C5:D5)*2+SUM(I5:J5)+SUM(K5:L5)*2+SUM(M5:N5)*3+AH5+SUM(AA5:AD5) -> 0 | AM5: =SUM(E5:J5)+SUM(O5:R5)*3 -> 0 | AN5: =B5+SUM(C5:D5)*2+SUM(K5:N5)*2+SUM(O5:R5) -> 0 | AO5: 0 | AQ5: 0 | AS5: =SUM(AA5:AB5)+AH5+S5 -> 0 | AU5: =AJ5-AV5-AW5-AX5 -> 0 | AV5: 0 | AW5: =AH5 -> 0 | AX5: =Z5+S5+AI5 -> 0 | AY5: =AG5 -> 0 | AZ5: 0 | BB5: =SUM(B5:D5)+K5+L5+AA5 -> 0 | BC5: =SUM(E5:F5)+SUM(M5:N5)+AB5+AH5+S5 -> 0 | BD5: =SUM(G5:H5)+O5+P5 -> 0 | BE5: =SUM(I5:J5)+Q5+R5+AC5+AD5 -> 0 | BH5: =SUM(T5:V5)+AE5+AG5 -> 0 | BI5: =W5+AF5 -> 0 | BJ5: =X5+Z5+AI5 -> 0 | BK5: =Y5 -> 0
A6: =A5+1 -> 46236 | AJ6: =SUM(B6:AI6) -> 0 | AL6: =B6+SUM(C6:D6)*2+SUM(I6:J6)+SUM(K6:L6)*2+SUM(M6:N6)*3+AH6+SUM(AA6:AD6) -> 0 | AM6: =SUM(E6:J6)+SUM(O6:R6)*3 -> 0 | AN6: =B6+SUM(C6:D6)*2+SUM(K6:N6)*2+SUM(O6:R6) -> 0 | AO6: 0 | AQ6: 0 | AS6: =SUM(AA6:AB6)+AH6+S6 -> 0 | AU6: =AJ6-AV6-AW6-AX6 -> 0 | AV6: 0 | AW6: =AH6 -> 0 | AX6: =Z6+S6+AI6 -> 0 | AY6: =AG6 -> 0 | AZ6: 0 | BB6: =SUM(B6:D6)+K6+L6+AA6 -> 0 | BC6: =SUM(E6:F6)+SUM(M6:N6)+AB6+AH6+S6 -> 0 | BD6: =SUM(G6:H6)+O6+P6 -> 0 | BE6: =SUM(I6:J6)+Q6+R6+AC6+AD6 -> 0 | BH6: =SUM(T6:V6)+AE6+AG6 -> 0 | BI6: =W6+AF6 -> 0 | BJ6: =X6+Z6+AI6 -> 0 | BK6: =Y6 -> 0
A7: =A6+1 -> 46237 | B7: 0 | C7: 875 | D7: 203 | E7: 21 | F7: 20 | G7: 12 | H7: 2 | I7: 0 | J7: 0 | K7: 17 | L7: 22 | M7: 97 | N7: 80 | O7: 17 | P7: 23 | Q7: 5 | R7: 1 | T7: 38 | U7: 28 | V7: 0 | W7: 7 | X7: 1 | Y7: 0 | Z7: 26 | AA7: 0 | AB7: 0 | AC7: 0 | AD7: 0 | AE7: 1 | AF7: 0 | AG7: 0 | AH7: 2 | AI7: 0 | AJ7: =SUM(B7:AI7) -> 1498 | AL7: =B7+SUM(C7:D7)*2+SUM(I7:J7)+SUM(K7:L7)*2+SUM(M7:N7)*3+AH7+SUM(AA7:AD7) -> 2767 | AM7: =SUM(E7:J7)+SUM(O7:R7)*3 -> 193 | AN7: =B7+SUM(C7:D7)*2+SUM(K7:N7)*2+SUM(O7:R7) -> 2634 | AO7: 0 | AP7: 79 | AQ7: 0 | AS7: =SUM(AA7:AB7)+AH7+S7 -> 2 | AU7: =AJ7-AV7-AW7-AX7 -> 684 | AV7: 786 | AW7: =AH7 -> 2 | AX7: =Z7+S7+AI7 -> 26 | AY7: =AG7 -> 0 | AZ7: 0 | BB7: =SUM(B7:D7)+K7+L7+AA7 -> 1117 | BC7: =SUM(E7:F7)+SUM(M7:N7)+AB7+AH7+S7 -> 220 | BD7: =SUM(G7:H7)+O7+P7 -> 54 | BE7: =SUM(I7:J7)+Q7+R7+AC7+AD7 -> 6 | BH7: =SUM(T7:V7)+AE7+AG7 -> 67 | BI7: =W7+AF7 -> 7 | BJ7: =X7+Z7+AI7 -> 27 | BK7: =Y7 -> 0 | BM7: 28
A8: =A7+1 -> 46238 | B8: 0 | C8: 230 | D8: 106 | E8: 19 | F8: 25 | G8: 15 | H8: 0 | I8: 0 | J8: 0 | K8: 5 | L8: 8 | M8: 43 | N8: 38 | O8: 10 | P8: 9 | Q8: 3 | R8: 8 | T8: 9 | U8: 7 | V8: 0 | W8: 4 | X8: 0 | Y8: 0 | Z8: 4 | AA8: 0 | AB8: 0 | AC8: 0 | AD8: 0 | AE8: 0 | AF8: 0 | AG8: 0 | AH8: 0 | AI8: 0 | AJ8: =SUM(B8:AI8) -> 543 | AL8: =B8+SUM(C8:D8)*2+SUM(I8:J8)+SUM(K8:L8)*2+SUM(M8:N8)*3+AH8+SUM(AA8:AD8) -> 941 | AM8: =SUM(E8:J8)+SUM(O8:R8)*3 -> 149 | AN8: =B8+SUM(C8:D8)*2+SUM(K8:N8)*2+SUM(O8:R8) -> 890 | AO8: 0 | AP8: 34 | AQ8: 0 | AS8: =SUM(AA8:AB8)+AH8+S8 -> 0 | AU8: =AJ8-AV8-AW8-AX8 -> 492 | AV8: 47 | AW8: =AH8 -> 0 | AX8: =Z8+S8+AI8 -> 4 | AY8: =AG8 -> 0 | AZ8: 0 | BB8: =SUM(B8:D8)+K8+L8+AA8 -> 349 | BC8: =SUM(E8:F8)+SUM(M8:N8)+AB8+AH8+S8 -> 125 | BD8: =SUM(G8:H8)+O8+P8 -> 34 | BE8: =SUM(I8:J8)+Q8+R8+AC8+AD8 -> 11 | BH8: =SUM(T8:V8)+AE8+AG8 -> 16 | BI8: =W8+AF8 -> 4 | BJ8: =X8+Z8+AI8 -> 4 | BK8: =Y8 -> 0 | BM8: 22
A9: =A8+1 -> 46239 | B9: 0 | C9: 271 | D9: 100 | E9: 26 | F9: 21 | G9: 4 | H9: 2 | I9: 0 | J9: 0 | K9: 0 | L9: 36 | M9: 58 | N9: 50 | O9: 14 | P9: 18 | Q9: 2 | R9: 4 | T9: 9 | U9: 9 | V9: 0 | W9: 2 | X9: 0 | Y9: 0 | Z9: 6 | AA9: 0 | AB9: 0 | AC9: 0 | AD9: 0 | AE9: 2 | AF9: 0 | AG9: 0 | AH9: 1 | AI9: 0 | AJ9: =SUM(B9:AI9) -> 635 | AL9: =B9+SUM(C9:D9)*2+SUM(I9:J9)+SUM(K9:L9)*2+SUM(M9:N9)*3+AH9+SUM(AA9:AD9) -> 1139 | AM9: =SUM(E9:J9)+SUM(O9:R9)*3 -> 167 | AN9: =B9+SUM(C9:D9)*2+SUM(K9:N9)*2+SUM(O9:R9) -> 1068 | AO9: 0 | AP9: 25 | AQ9: 0 | AS9: =SUM(AA9:AB9)+AH9+S9 -> 1 | AU9: =AJ9-AV9-AW9-AX9 -> 560 | AV9: 68 | AW9: =AH9 -> 1 | AX9: =Z9+S9+AI9 -> 6 | AY9: =AG9 -> 0 | AZ9: 0 | BB9: =SUM(B9:D9)+K9+L9+AA9 -> 407 | BC9: =SUM(E9:F9)+SUM(M9:N9)+AB9+AH9+S9 -> 156 | BD9: =SUM(G9:H9)+O9+P9 -> 38 | BE9: =SUM(I9:J9)+Q9+R9+AC9+AD9 -> 6 | BH9: =SUM(T9:V9)+AE9+AG9 -> 20 | BI9: =W9+AF9 -> 2 | BJ9: =X9+Z9+AI9 -> 6 | BK9: =Y9 -> 0 | BM9: 41
A10: =A9+1 -> 46240 | B10: 0 | C10: 1079 | D10: 167 | E10: 72 | F10: 1027 | G10: 18 | H10: 3 | I10: 0 | J10: 0 | K10: 37 | L10: 32 | M10: 68 | N10: 79 | O10: 36 | P10: 18 | Q10: 7 | R10: 6 | T10: 30 | U10: 16 | V10: 0 | W10: 20 | X10: 1 | Y10: 0 | Z10: 23 | AA10: 0 | AB10: 0 | AC10: 0 | AD10: 0 | AE10: 1 | AF10: 0 | AG10: 0 | AI10: 0 | AJ10: =SUM(B10:AI10) -> 2740 | AL10: =B10+SUM(C10:D10)*2+SUM(I10:J10)+SUM(K10:L10)*2+SUM(M10:N10)*3+AH10+SUM(AA10:AD10) -> 3071 | AM10: =SUM(E10:J10)+SUM(O10:R10)*3-1000+1000*3 -> 3321 | AN10: =B10+SUM(C10:D10)*2+SUM(K10:N10)*2+SUM(O10:R10)+1000*3 -> 5991 | AO10: 0 | AP10: 54 | AQ10: 0 | AS10: =SUM(AA10:AB10)+AH10+S10 -> 0 | AU10: =AJ10-AV10-AW10-AX10 -> 815 | AV10: 1902 | AW10: =AH10 -> 0 | AX10: =Z10+S10+AI10 -> 23 | AY10: =AG10 -> 0 | AZ10: 0 | BB10: =SUM(B10:D10)+K10+L10+AA10 -> 1315 | BC10: =SUM(E10:F10)+SUM(M10:N10)+AB10+AH10+S10 -> 1246 | BD10: =SUM(G10:H10)+O10+P10 -> 75 | BE10: =SUM(I10:J10)+Q10+R10+AC10+AD10 -> 13 | BH10: =SUM(T10:V10)+AE10+AG10 -> 47 | BI10: =W10+AF10 -> 20 | BJ10: =X10+Z10+AI10 -> 24 | BK10: =Y10 -> 0 | BM10: 34 | BN10: 7
A11: =A10+1 -> 46241 | B11: 0 | C11: 1173 | D11: 139 | E11: 50 | F11: 1029 | G11: 14 | H11: 3 | I11: 0 | J11: 0 | K11: 23 | L11: 20 | M11: 27 | N11: 61 | O11: 20 | P11: 14 | Q11: 4 | R11: 3 | T11: 24 | U11: 11 | V11: 0 | W11: 6 | X11: 0 | Y11: 0 | Z11: 2 | AA11: 0 | AB11: 0 | AC11: 0 | AD11: 0 | AE11: 0 | AF11: 0 | AG11: 0 | AH11: 0 | AI11: 0 | AJ11: =SUM(B11:AI11) -> 2623 | AL11: =B11+SUM(C11:D11)*2+SUM(I11:J11)+SUM(K11:L11)*2+SUM(M11:N11)*3+AH11+SUM(AA11:AD11) -> 2974 | AM11: =SUM(E11:J11)+SUM(O11:R11)*3-1000+1000*3 -> 3219 | AN11: =B11+SUM(C11:D11)*2+SUM(K11:N11)*2+SUM(O11:R11)+1000*3 -> 5927 | AO11: 0 | AP11: 33 | AQ11: 0 | AS11: =SUM(AA11:AB11)+AH11+S11 -> 0 | AU11: =AJ11-AV11-AW11-AX11 -> 623 | AV11: 1998 | AW11: =AH11 -> 0 | AX11: =Z11+S11+AI11 -> 2 | AY11: =AG11 -> 0 | AZ11: 0 | BB11: =SUM(B11:D11)+K11+L11+AA11 -> 1355 | BC11: =SUM(E11:F11)+SUM(M11:N11)+AB11+AH11+S11 -> 1167 | BD11: =SUM(G11:H11)+O11+P11 -> 51 | BE11: =SUM(I11:J11)+Q11+R11+AC11+AD11 -> 7 | BH11: =SUM(T11:V11)+AE11+AG11 -> 35 | BI11: =W11+AF11 -> 6 | BJ11: =X11+Z11+AI11 -> 2 | BK11: =Y11 -> 0 | BM11: 20
A12: =A11+1 -> 46242 | AJ12: =SUM(B12:AI12) -> 0 | AL12: =B12+SUM(C12:D12)*2+SUM(I12:J12)+SUM(K12:L12)*2+SUM(M12:N12)*3+AH12+SUM(AA12:AD12) -> 0 | AM12: =SUM(E12:J12)+SUM(O12:R12)*3 -> 0 | AN12: =B12+SUM(C12:D12)*2+SUM(K12:N12)*2+SUM(O12:R12) -> 0 | AO12: 0 | AQ12: 0 | AS12: =SUM(AA12:AB12)+AH12+S12 -> 0 | AU12: =AJ12-AV12-AW12-AX12 -> 0 | AV12: 0 | AW12: =AH12 -> 0 | AX12: =Z12+S12+AI12 -> 0 | AY12: =AG12 -> 0 | AZ12: 0 | BB12: =SUM(B12:D12)+K12+L12+AA12 -> 0 | BC12: =SUM(E12:F12)+SUM(M12:N12)+AB12+AH12+S12 -> 0 | BD12: =SUM(G12:H12)+O12+P12 -> 0 | BE12: =SUM(I12:J12)+Q12+R12+AC12+AD12 -> 0 | BH12: =SUM(T12:V12)+AE12+AG12 -> 0 | BI12: =W12+AF12 -> 0 | BJ12: =X12+Z12+AI12 -> 0 | BK12: =Y12 -> 0
A13: =A12+1 -> 46243 | AJ13: =SUM(B13:AI13) -> 0 | AL13: =B13+SUM(C13:D13)*2+SUM(I13:J13)+SUM(K13:L13)*2+SUM(M13:N13)*3+AH13+SUM(AA13:AD13) -> 0 | AM13: =SUM(E13:J13)+SUM(O13:R13)*3 -> 0 | AN13: =B13+SUM(C13:D13)*2+SUM(K13:N13)*2+SUM(O13:R13) -> 0 | AO13: 0 | AQ13: 0 | AS13: =SUM(AA13:AB13)+AH13+S13 -> 0 | AU13: =AJ13-AV13-AW13-AX13 -> 0 | AV13: 0 | AW13: =AH13 -> 0 | AX13: =Z13+S13+AI13 -> 0 | AY13: =AG13 -> 0 | AZ13: 0 | BB13: =SUM(B13:D13)+K13+L13+AA13 -> 0 | BC13: =SUM(E13:F13)+SUM(M13:N13)+AB13+AH13+S13 -> 0 | BD13: =SUM(G13:H13)+O13+P13 -> 0 | BE13: =SUM(I13:J13)+Q13+R13+AC13+AD13 -> 0 | BH13: =SUM(T13:V13)+AE13+AG13 -> 0 | BI13: =W13+AF13 -> 0 | BJ13: =X13+Z13+AI13 -> 0 | BK13: =Y13 -> 0
A14: =A13+1 -> 46244 | B14: 0 | C14: 582 | D14: 153 | E14: 17 | F14: 1006 | G14: 31 | H14: 3 | I14: 0 | J14: 0 | K14: 0 | L14: 5 | M14: 6 | N14: 29 | O14: 2 | P14: 1 | Q14: 1 | R14: 0 | T14: 2638 | U14: 37 | V14: 0 | W14: 0 | X14: 0 | Y14: 0 | Z14: 202 | AJ14: =SUM(B14:AI14) -> 4713 | AL14: =B14+SUM(C14:D14)*2+SUM(I14:J14)+SUM(K14:L14)*2+SUM(M14:N14)*3+AH14+SUM(AA14:AD14)+30 -> 1615 | AM14: =SUM(E14:J14)+SUM(O14:R14)*3-1000+1000*3 -> 3069 | AN14: =B14+SUM(C14:D14)*2+SUM(K14:N14)*2+SUM(O14:R14)+1000*3 -> 4554 | AO14: 0 | AP14: 20 | AQ14: 27 | AS14: =SUM(AA14:AB14)+AH14+S14 -> 0 | AU14: =AJ14-AV14-AW14-AX14 -> 115 | AV14: 4396 | AW14: =AH14 -> 0 | AX14: =Z14+S14+AI14 -> 202 | AY14: =AG14 -> 0 | AZ14: 0 | BB14: =SUM(B14:D14)+K14+L14+AA14 -> 740 | BC14: =SUM(E14:F14)+SUM(M14:N14)+AB14+AH14+S14 -> 1058 | BD14: =SUM(G14:H14)+O14+P14 -> 37 | BE14: =SUM(I14:J14)+Q14+R14+AC14+AD14 -> 1 | BH14: =SUM(T14:V14)+AE14+AG14 -> 2675 | BI14: =W14+AF14 -> 0 | BJ14: =X14+Z14+AI14 -> 202 | BK14: =Y14 -> 0 | BM14: 17
A15: =A14+1 -> 46245 | B15: 0 | C15: 640 | D15: 249 | E15: 49 | F15: 1006 | G15: 50 | H15: 2 | I15: 0 | J15: 0 | K15: 449 | L15: 76 | M15: 444 | N15: 214 | O15: 122 | P15: 37 | Q15: 13 | R15: 1 | T15: 181 | U15: 42 | V15: 0 | W15: 17 | X15: 0 | Y15: 0 | Z15: 205 | AE15: 4 | AH15: 1 | AJ15: =SUM(B15:AI15) -> 3802 | AL15: =B15+SUM(C15:D15)*2+SUM(I15:J15)+SUM(K15:L15)*2+SUM(M15:N15)*3+AH15+SUM(AA15:AD15)+23+327 -> 5153 | AM15: =SUM(E15:J15)+SUM(O15:R15)*3-993+993*3 -> 3612 | AN15: =B15+SUM(C15:D15)*2+SUM(K15:N15)*2+SUM(O15:R15)+993*3-654 -> 6642 | AO15: 0 | AP15: 175 | AQ15: 0 | AS15: =SUM(AA15:AB15)+AH15+S15 -> 1 | AU15: =AJ15-AV15-AW15-AX15 -> 1130 | AV15: 2466 | AW15: =AH15 -> 1 | AX15: =Z15+S15+AI15 -> 205 | AY15: =AG15 -> 0 | AZ15: 0 | BB15: =SUM(B15:D15)+K15+L15+AA15 -> 1414 | BC15: =SUM(E15:F15)+SUM(M15:N15)+AB15+AH15+S15 -> 1714 | BD15: =SUM(G15:H15)+O15+P15 -> 211 | BE15: =SUM(I15:J15)+Q15+R15+AC15+AD15 -> 14 | BH15: =SUM(T15:V15)+AE15+AG15 -> 227 | BI15: =W15+AF15 -> 17 | BJ15: =X15+Z15+AI15 -> 205 | BK15: =Y15 -> 0 | BM15: 13
A16: =A15+1 -> 46246 | B16: 0 | C16: 622 | D16: 134 | E16: 7 | F16: 1020 | G16: 9 | H16: 4 | I16: 0 | J16: 0 | K16: 744 | L16: 21 | M16: 400 | N16: 195 | O16: 86 | P16: 20 | Q16: 4 | R16: 6 | T16: 14 | U16: 9 | V16: 0 | W16: 7 | X16: 0 | Y16: 0 | Z16: 4 | AA16: 0 | AB16: 0 | AC16: 0 | AD16: 0 | AE16: 0 | AF16: 0 | AG16: 0 | AH16: 0 | AI16: 0 | AJ16: =SUM(B16:AI16) -> 3306 | AL16: =SUM(K16:L16)*2+SUM(M16:N16)*3+AH16+SUM(AA16:AD16)+693 -> 4008 | AM16: =SUM(E16:J16)+SUM(O16:R16)*3-1000+1000*3 -> 3388 | AN16: =SUM(C16:D16)*3+SUM(E16:H16)*2+SUM(I16:J16)*3+SUM(K16:N16)*2+SUM(O16:R16)+1000-1386 -> 6798 | AO16: 0 | AP16: 37 | AQ16: 0 | AS16: =SUM(AA16:AB16)+AH16+S16 -> 0 | AU16: =AJ16-AV16-AW16-AX16 -> 669 | AV16: 2633 | AW16: =AH16 -> 0 | AX16: =Z16+S16+AI16 -> 4 | AY16: =AG16 -> 0 | AZ16: 0 | BB16: =SUM(B16:D16)+K16+L16+AA16 -> 1521 | BC16: =SUM(E16:F16)+SUM(M16:N16)+AB16+AH16+S16 -> 1622 | BD16: =SUM(G16:H16)+O16+P16 -> 119 | BE16: =SUM(I16:J16)+Q16+R16+AC16+AD16 -> 10 | BH16: =SUM(T16:V16)+AE16+AG16 -> 23 | BI16: =W16+AF16 -> 7 | BJ16: =X16+Z16+AI16 -> 4 | BK16: =Y16 -> 0 | BM16: 19
A17: =A16+1 -> 46247 | AJ17: =SUM(B17:AI17) -> 0 | AL17: =SUM(K17:L17)*2+SUM(M17:N17)*3+AH17+SUM(AA17:AD17) -> 0 | AM17: =SUM(E17:J17)+SUM(O17:R17)*3 -> 0 | AN17: =SUM(C17:D17)*3+SUM(E17:H17)*2+SUM(I17:J17)*3+SUM(K17:N17)*2+SUM(O17:R17) -> 0 | AO17: 0 | AQ17: 0 | AS17: =SUM(AA17:AB17)+AH17+S17 -> 0 | AU17: =AJ17-AV17-AW17-AX17 -> 0 | AV17: 0 | AW17: =AH17 -> 0 | AX17: =Z17+S17+AI17 -> 0 | AY17: =AG17 -> 0 | AZ17: 0 | BB17: =SUM(B17:D17)+K17+L17+AA17 -> 0 | BC17: =SUM(E17:F17)+SUM(M17:N17)+AB17+AH17+S17 -> 0 | BD17: =SUM(G17:H17)+O17+P17 -> 0 | BE17: =SUM(I17:J17)+Q17+R17+AC17+AD17 -> 0 | BH17: =SUM(T17:V17)+AE17+AG17 -> 0 | BI17: =W17+AF17 -> 0 | BJ17: =X17+Z17+AI17 -> 0 | BK17: =Y17 -> 0 | BM17: 16
A18: =A17+1 -> 46248 | AJ18: =SUM(B18:AI18) -> 0 | AL18: =SUM(K18:L18)*2+SUM(M18:N18)*3+AH18+SUM(AA18:AD18) -> 0 | AM18: =SUM(E18:J18)+SUM(O18:R18)*3 -> 0 | AN18: =SUM(C18:D18)*3+SUM(E18:H18)*2+SUM(I18:J18)*3+SUM(K18:N18)*2+SUM(O18:R18) -> 0 | AO18: 0 | AQ18: 0 | AS18: =SUM(AA18:AB18)+AH18+S18 -> 0 | AU18: =AJ18-AV18-AW18-AX18 -> 0 | AV18: 0 | AW18: =AH18 -> 0 | AX18: =Z18+S18+AI18 -> 0 | AY18: =AG18 -> 0 | AZ18: 0 | BB18: =SUM(B18:D18)+K18+L18+AA18 -> 0 | BC18: =SUM(E18:F18)+SUM(M18:N18)+AB18+AH18+S18 -> 0 | BD18: =SUM(G18:H18)+O18+P18 -> 0 | BE18: =SUM(I18:J18)+Q18+R18+AC18+AD18 -> 0 | BH18: =SUM(T18:V18)+AE18+AG18 -> 0 | BI18: =W18+AF18 -> 0 | BJ18: =X18+Z18+AI18 -> 0 | BK18: =Y18 -> 0 | BM18: 28
A19: =A18+1 -> 46249 | AJ19: =SUM(B19:AI19) -> 0 | AL19: =SUM(K19:L19)*2+SUM(M19:N19)*3+AH19+SUM(AA19:AD19) -> 0 | AM19: =SUM(E19:J19)+SUM(O19:R19)*3 -> 0 | AN19: =SUM(C19:D19)*3+SUM(E19:H19)*2+SUM(I19:J19)*3+SUM(K19:N19)*2+SUM(O19:R19) -> 0 | AO19: 0 | AQ19: 0 | AS19: =SUM(AA19:AB19)+AH19+S19 -> 0 | AU19: =AJ19-AV19-AW19-AX19 -> 0 | AV19: 0 | AW19: =AH19 -> 0 | AX19: =Z19+S19+AI19 -> 0 | AY19: =AG19 -> 0 | AZ19: 0 | BB19: =SUM(B19:D19)+K19+L19+AA19 -> 0 | BC19: =SUM(E19:F19)+SUM(M19:N19)+AB19+AH19+S19 -> 0 | BD19: =SUM(G19:H19)+O19+P19 -> 0 | BE19: =SUM(I19:J19)+Q19+R19+AC19+AD19 -> 0 | BH19: =SUM(T19:V19)+AE19+AG19 -> 0 | BI19: =W19+AF19 -> 0 | BJ19: =X19+Z19+AI19 -> 0 | BK19: =Y19 -> 0
A20: =A19+1 -> 46250 | AJ20: =SUM(B20:AI20) -> 0 | AL20: =SUM(K20:L20)*2+SUM(M20:N20)*3+AH20+SUM(AA20:AD20) -> 0 | AM20: =SUM(E20:J20)+SUM(O20:R20)*3 -> 0 | AN20: =SUM(C20:D20)*3+SUM(E20:H20)*2+SUM(I20:J20)*3+SUM(K20:N20)*2+SUM(O20:R20) -> 0 | AO20: 0 | AQ20: 0 | AS20: =SUM(AA20:AB20)+AH20+S20 -> 0 | AU20: =AJ20-AV20-AW20-AX20 -> 0 | AV20: 0 | AW20: =AH20 -> 0 | AX20: =Z20+S20+AI20 -> 0 | AY20: =AG20 -> 0 | AZ20: 0 | BB20: =SUM(B20:D20)+K20+L20+AA20 -> 0 | BC20: =SUM(E20:F20)+SUM(M20:N20)+AB20+AH20+S20 -> 0 | BD20: =SUM(G20:H20)+O20+P20 -> 0 | BE20: =SUM(I20:J20)+Q20+R20+AC20+AD20 -> 0 | BH20: =SUM(T20:V20)+AE20+AG20 -> 0 | BI20: =W20+AF20 -> 0 | BJ20: =X20+Z20+AI20 -> 0 | BK20: =Y20 -> 0
A21: =A20+1 -> 46251 | B21: 0 | C21: 1898 | D21: 716 | E21: 6 | F21: 37 | G21: 18 | H21: 5 | I21: 0 | J21: 0 | K21: 2 | L21: 5 | M21: 26 | N21: 45 | O21: 18 | P21: 29 | Q21: 11 | R21: 4 | T21: 15 | U21: 44 | V21: 0 | W21: 2 | X21: 0 | Y21: 0 | Z21: 26 | AJ21: =SUM(B21:AI21) -> 2907 | AL21: =SUM(K21:L21)*2+SUM(M21:N21)*3+AH21+SUM(AA21:AD21) -> 227 | AM21: =SUM(E21:J21)+SUM(O21:R21)*3+34 -> 286 | AN21: =SUM(C21:D21)*3+SUM(E21:H21)*2+SUM(I21:J21)*3+SUM(K21:N21)*2+SUM(O21:R21)+17 -> 8209 | AO21: 0 | AP21: 171 | AQ21: 0 | AS21: =SUM(AA21:AB21)+AH21+S21 -> 0 | AU21: =AJ21-AV21-AW21-AX21 -> 373 | AV21: 2508 | AW21: =AH21 -> 0 | AX21: =Z21+S21+AI21 -> 26 | AY21: =AG21 -> 0 | AZ21: 0 | BB21: =SUM(B21:D21)+K21+L21+AA21 -> 2621 | BC21: =SUM(E21:F21)+SUM(M21:N21)+AB21+AH21+S21 -> 114 | BD21: =SUM(G21:H21)+O21+P21 -> 70 | BE21: =SUM(I21:J21)+Q21+R21+AC21+AD21 -> 15 | BH21: =SUM(T21:V21)+AE21+AG21 -> 59 | BI21: =W21+AF21 -> 2 | BJ21: =X21+Z21+AI21 -> 26 | BK21: =Y21 -> 0 | BM21: 3
A22: =A21+1 -> 46252 | B22: 0 | C22: 520 | D22: 1156 | E22: 34 | F22: 1025 | G22: 52 | H22: 4 | I22: 0 | J22: 0 | K22: 383 | L22: 60 | M22: 256 | N22: 151 | O22: 68 | P22: 20 | Q22: 25 | R22: 11 | T22: 43 | U22: 27 | V22: 0 | W22: 14 | X22: 1 | Y22: 0 | Z22: 8 | AJ22: =SUM(B22:AI22) -> 3858 | AL22: =SUM(K22:L22)*2+SUM(M22:N22)*3+AH22+SUM(AA22:AD22)+17 -> 2124 | AM22: =SUM(E22:J22)+SUM(O22:R22)*3-999+999*3 -> 3485 | AN22: =SUM(C22:D22)*3+SUM(E22:H22)*2+SUM(I22:J22)*3+SUM(K22:N22)*2+SUM(O22:R22)+999 -> 10081 | AO22: 0 | AP22: 70 | AQ22: 0 | AS22: =SUM(AA22:AB22)+AH22+S22 -> 0 | AU22: =AJ22-AV22-AW22-AX22 -> 962 | AV22: 2888 | AW22: =AH22 -> 0 | AX22: =Z22+S22+AI22 -> 8 | AY22: =AG22 -> 0 | AZ22: 0 | BB22: =SUM(B22:D22)+K22+L22+AA22 -> 2119 | BC22: =SUM(E22:F22)+SUM(M22:N22)+AB22+AH22+S22 -> 1466 | BD22: =SUM(G22:H22)+O22+P22 -> 144 | BE22: =SUM(I22:J22)+Q22+R22+AC22+AD22 -> 36 | BH22: =SUM(T22:V22)+AE22+AG22 -> 70 | BI22: =W22+AF22 -> 14 | BJ22: =X22+Z22+AI22 -> 9 | BK22: =Y22 -> 0 | BM22: 16
A23: =A22+1 -> 46253 | B23: 0 | C23: 192 | D23: 105 | E23: 19 | F23: 549 | G23: 35 | H23: 1 | I23: 0 | J23: 0 | K23: 1 | L23: 5 | M23: 76 | N23: 22 | O23: 12 | P23: 16 | Q23: 6 | R23: 3 | T23: 7 | U23: 20 | V23: 0 | W23: 2 | X23: 0 | Y23: 0 | Z23: 8 | AH23: 7 | AJ23: =SUM(B23:AI23) -> 1086 | AL23: =SUM(K23:L23)*2+SUM(M23:N23)*3+AH23+SUM(AA23:AD23)+12 -> 325 | AM23: =SUM(E23:J23)+SUM(O23:R23)*3-536+536*3 -> 1787 | AN23: =SUM(C23:D23)*3+SUM(E23:H23)*2+SUM(I23:J23)*3+SUM(K23:N23)*2+SUM(O23:R23)+536 -> 2880 | AO23: 0 | AP23: 35 | AQ23: 0 | AS23: =SUM(AA23:AB23)+AH23+S23 -> 7 | AU23: =AJ23-AV23-AW23-AX23 -> 408 | AV23: 663 | AW23: =AH23 -> 7 | AX23: =Z23+S23+AI23 -> 8 | AY23: =AG23 -> 0 | AZ23: 0 | BB23: =SUM(B23:D23)+K23+L23+AA23 -> 303 | BC23: =SUM(E23:F23)+SUM(M23:N23)+AB23+AH23+S23 -> 673 | BD23: =SUM(G23:H23)+O23+P23 -> 64 | BE23: =SUM(I23:J23)+Q23+R23+AC23+AD23 -> 9 | BH23: =SUM(T23:V23)+AE23+AG23 -> 27 | BI23: =W23+AF23 -> 2 | BJ23: =X23+Z23+AI23 -> 8 | BK23: =Y23 -> 0 | BM23: 24
A24: =A23+1 -> 46254 | B24: 0 | C24: 214 | D24: 95 | E24: 10 | F24: 881 | G24: 8 | H24: 2 | I24: 0 | J24: 0 | K24: 4 | L24: 6 | M24: 71 | N24: 39 | O24: 11 | P24: 16 | Q24: 1 | R24: 7 | T24: 22 | U24: 6 | V24: 0 | W24: 3 | X24: 0 | Y24: 0 | Z24: 1 | AJ24: =SUM(B24:AI24) -> 1397 | AL24: =SUM(K24:L24)*2+SUM(M24:N24)*3+AH24+SUM(AA24:AD24) -> 350 | AM24: =SUM(E24:J24)+SUM(O24:R24)*3-570+570*3 -> 2146 | AN24: =SUM(C24:D24)*3+SUM(E24:H24)*2+SUM(I24:J24)*3+SUM(K24:N24)*2+SUM(O24:R24)+570 -> 3574 | AO24: 0 | AP24: 28 | AQ24: 0 | AS24: =SUM(AA24:AB24)+AH24+S24 -> 0 | AU24: =AJ24-AV24-AW24-AX24 -> 412 | AV24: 984 | AW24: =AH24 -> 0 | AX24: =Z24+S24+AI24 -> 1 | AY24: =AG24 -> 0 | AZ24: 0 | BB24: =SUM(B24:D24)+K24+L24+AA24 -> 319 | BC24: =SUM(E24:F24)+SUM(M24:N24)+AB24+AH24+S24 -> 1001 | BD24: =SUM(G24:H24)+O24+P24 -> 37 | BE24: =SUM(I24:J24)+Q24+R24+AC24+AD24 -> 8 | BH24: =SUM(T24:V24)+AE24+AG24 -> 28 | BI24: =W24+AF24 -> 3 | BJ24: =X24+Z24+AI24 -> 1 | BK24: =Y24 -> 0 | BM24: 13 | BN24: 20
A25: =A24+1 -> 46255 | B25: 0 | C25: 290 | D25: 86 | E25: 9 | F25: 534 | G25: 11 | H25: 1 | I25: 0 | J25: 0 | K25: 6 | L25: 7 | M25: 41 | N25: 22 | O25: 15 | P25: 13 | Q25: 7 | R25: 2 | T25: 13 | U25: 6 | V25: 0 | W25: 1 | X25: 0 | Y25: 0 | Z25: 3 | AJ25: =SUM(B25:AI25) -> 1067 | AL25: =SUM(K25:L25)*2+SUM(M25:N25)*3+AH25+SUM(AA25:AD25) -> 215 | AM25: =SUM(E25:J25)+SUM(O25:R25)*3-264+264*3 -> 1194 | AN25: =SUM(C25:D25)*3+SUM(E25:H25)*2+SUM(I25:J25)*3+SUM(K25:N25)*2+SUM(O25:R25)+264 -> 2691 | AO25: 0 | AP25: 43 | AQ25: 0 | AS25: =SUM(AA25:AB25)+AH25+S25 -> 0 | AU25: =AJ25-AV25-AW25-AX25 -> 328 | AV25: 736 | AW25: =AH25 -> 0 | AX25: =Z25+S25+AI25 -> 3 | AY25: =AG25 -> 0 | AZ25: 0 | BB25: =SUM(B25:D25)+K25+L25+AA25 -> 389 | BC25: =SUM(E25:F25)+SUM(M25:N25)+AB25+AH25+S25 -> 606 | BD25: =SUM(G25:H25)+O25+P25 -> 40 | BE25: =SUM(I25:J25)+Q25+R25+AC25+AD25 -> 9 | BH25: =SUM(T25:V25)+AE25+AG25 -> 19 | BI25: =W25+AF25 -> 1 | BJ25: =X25+Z25+AI25 -> 3 | BK25: =Y25 -> 0 | BM25: 11
A26: =A25+1 -> 46256 | AJ26: =SUM(B26:AI26) -> 0 | AL26: =SUM(K26:L26)*2+SUM(M26:N26)*3+AH26+SUM(AA26:AD26) -> 0 | AM26: =SUM(E26:J26)+SUM(O26:R26)*3 -> 0 | AN26: =SUM(C26:D26)*3+SUM(E26:H26)*2+SUM(I26:J26)*3+SUM(K26:N26)*2+SUM(O26:R26) -> 0 | AO26: 0 | AQ26: 0 | AS26: =SUM(AA26:AB26)+AH26+S26 -> 0 | AU26: =AJ26-AV26-AW26-AX26 -> 0 | AV26: 0 | AW26: =AH26 -> 0 | AX26: =Z26+S26+AI26 -> 0 | AY26: =AG26 -> 0 | AZ26: 0 | BB26: =SUM(B26:D26)+K26+L26+AA26 -> 0 | BC26: =SUM(E26:F26)+SUM(M26:N26)+AB26+AH26+S26 -> 0 | BD26: =SUM(G26:H26)+O26+P26 -> 0 | BE26: =SUM(I26:J26)+Q26+R26+AC26+AD26 -> 0 | BH26: =SUM(T26:V26)+AE26+AG26 -> 0 | BI26: =W26+AF26 -> 0 | BJ26: =X26+Z26+AI26 -> 0 | BK26: =Y26 -> 0
A27: =A26+1 -> 46257 | AJ27: =SUM(B27:AI27) -> 0 | AL27: =SUM(K27:L27)*2+SUM(M27:N27)*3+AH27+SUM(AA27:AD27) -> 0 | AM27: =SUM(E27:J27)+SUM(O27:R27)*3 -> 0 | AN27: =SUM(C27:D27)*3+SUM(E27:H27)*2+SUM(I27:J27)*3+SUM(K27:N27)*2+SUM(O27:R27) -> 0 | AO27: 0 | AQ27: 0 | AS27: =SUM(AA27:AB27)+AH27+S27 -> 0 | AU27: =AJ27-AV27-AW27-AX27 -> 0 | AV27: 0 | AW27: =AH27 -> 0 | AX27: =Z27+S27+AI27 -> 0 | AY27: =AG27 -> 0 | AZ27: 0 | BB27: =SUM(B27:D27)+K27+L27+AA27 -> 0 | BC27: =SUM(E27:F27)+SUM(M27:N27)+AB27+AH27+S27 -> 0 | BD27: =SUM(G27:H27)+O27+P27 -> 0 | BE27: =SUM(I27:J27)+Q27+R27+AC27+AD27 -> 0 | BH27: =SUM(T27:V27)+AE27+AG27 -> 0 | BI27: =W27+AF27 -> 0 | BJ27: =X27+Z27+AI27 -> 0 | BK27: =Y27 -> 0
A28: =A27+1 -> 46258 | B28: 0 | C28: 1440 | D28: 147 | E28: 48 | F28: 130 | G28: 18 | H28: 10 | I28: 0 | J28: 1 | K28: 7 | L28: 16 | M28: 101 | N28: 64 | O28: 14 | P28: 9 | Q28: 3 | R28: 2 | T28: 72 | U28: 18 | V28: 0 | W28: 7 | X28: 0 | Y28: 0 | Z28: 10 | AJ28: =SUM(B28:AI28) -> 2117 | AL28: =SUM(K28:L28)*2+SUM(M28:N28)*3+AH28+SUM(AA28:AD28) -> 541 | AM28: =SUM(E28:J28)+SUM(O28:R28)*3 -> 291 | AN28: =SUM(C28:D28)*3+SUM(E28:H28)*2+SUM(I28:J28)*3+SUM(K28:N28)*2+SUM(O28:R28) -> 5580 | AO28: 0 | AP28: 175 | AQ28: 0 | AS28: =SUM(AA28:AB28)+AH28+S28 -> 0 | AU28: =AJ28-AV28-AW28-AX28 -> 636 | AV28: 1471 | AW28: =AH28 -> 0 | AX28: =Z28+S28+AI28 -> 10 | AY28: =AG28 -> 0 | AZ28: 0 | BB28: =SUM(B28:D28)+K28+L28+AA28 -> 1610 | BC28: =SUM(E28:F28)+SUM(M28:N28)+AB28+AH28+S28 -> 343 | BD28: =SUM(G28:H28)+O28+P28 -> 51 | BE28: =SUM(I28:J28)+Q28+R28+AC28+AD28 -> 6 | BH28: =SUM(T28:V28)+AE28+AG28 -> 90 | BI28: =W28+AF28 -> 7 | BJ28: =X28+Z28+AI28 -> 10 | BK28: =Y28 -> 0 | BM28: 14
A29: =A28+1 -> 46259 | B29: 0 | C29: 214 | D29: 102 | E29: 7 | F29: 151 | G29: 39 | H29: 1 | I29: 0 | J29: 0 | K29: 7 | L29: 7 | M29: 54 | N29: 30 | O29: 13 | P29: 7 | Q29: 5 | R29: 5 | T29: 404 | U29: 11 | V29: 0 | W29: 4 | X29: 0 | Y29: 0 | Z29: 49 | AH29: 1 | AJ29: =SUM(B29:AI29) -> 1111 | AL29: =SUM(K29:L29)*2+SUM(M29:N29)*3+AH29+SUM(AA29:AD29) -> 281 | AM29: =SUM(E29:J29)+SUM(O29:R29)*3 -> 288 | AN29: =SUM(C29:D29)*3+SUM(E29:H29)*2+SUM(I29:J29)*3+SUM(K29:N29)*2+SUM(O29:R29) -> 1570 | AO29: 0 | AP29: 56 | AQ29: 0 | AS29: =SUM(AA29:AB29)+AH29+S29 -> 1 | AU29: =AJ29-AV29-AW29-AX29 -> 413 | AV29: 648 | AW29: =AH29 -> 1 | AX29: =Z29+S29+AI29 -> 49 | AY29: =AG29 -> 0 | AZ29: 0 | BB29: =SUM(B29:D29)+K29+L29+AA29 -> 330 | BC29: =SUM(E29:F29)+SUM(M29:N29)+AB29+AH29+S29 -> 243 | BD29: =SUM(G29:H29)+O29+P29 -> 60 | BE29: =SUM(I29:J29)+Q29+R29+AC29+AD29 -> 10 | BH29: =SUM(T29:V29)+AE29+AG29 -> 415 | BI29: =W29+AF29 -> 4 | BJ29: =X29+Z29+AI29 -> 49 | BK29: =Y29 -> 0 | BM29: 9
A30: =A29+1 -> 46260 | B30: 0 | C30: 252 | D30: 103 | E30: 14 | F30: 65 | G30: 14 | H30: 1 | I30: 0 | J30: 0 | K30: 10 | L30: 12 | M30: 51 | N30: 30 | O30: 4 | P30: 5 | Q30: 3 | R30: 2 | T30: 60 | U30: 9 | V30: 0 | W30: 1 | X30: 0 | Y30: 0 | Z30: 8 | AA30: 30 | AJ30: =SUM(B30:AI30) -> 674 | AL30: =SUM(K30:L30)*2+SUM(M30:N30)*3+AH30+SUM(AA30:AD30)+5-30 -> 292 | AM30: =SUM(E30:J30)+SUM(O30:R30)*3-49+49*3+30 -> 264 | AN30: =SUM(C30:D30)*3+SUM(E30:H30)*2+SUM(I30:J30)*3+SUM(K30:N30)*2+SUM(O30:R30)+49+32 -> 1554 | AO30: 0 | AP30: 16 | AQ30: 0 | AS30: =SUM(AA30:AB30)+AH30+S30 -> 30 | AU30: =AJ30-AV30-AW30-AX30 -> 431 | AV30: 235 | AW30: =AH30 -> 0 | AX30: =Z30+S30+AI30 -> 8 | AY30: =AG30 -> 0 | AZ30: 0 | BB30: =SUM(B30:D30)+K30+L30+AA30 -> 407 | BC30: =SUM(E30:F30)+SUM(M30:N30)+AB30+AH30+S30 -> 160 | BD30: =SUM(G30:H30)+O30+P30 -> 24 | BE30: =SUM(I30:J30)+Q30+R30+AC30+AD30 -> 5 | BH30: =SUM(T30:V30)+AE30+AG30 -> 69 | BI30: =W30+AF30 -> 1 | BJ30: =X30+Z30+AI30 -> 8 | BK30: =Y30 -> 0 | BM30: 38
A31: =A30+1 -> 46261 | B31: 0 | C31: 504 | D31: 103 | E31: 10 | F31: 136 | G31: 4 | H31: 2 | I31: 0 | J31: 0 | K31: 2 | L31: 10 | M31: 44 | N31: 29 | O31: 10 | P31: 10 | Q31: 0 | R31: 0 | T31: 89 | U31: 12 | V31: 0 | W31: 3 | X31: 0 | Y31: 0 | Z31: 3 | AE31: 6 | AJ31: =SUM(B31:AI31) -> 977 | AL31: =SUM(K31:L31)*2+SUM(M31:N31)*3+AH31+SUM(AA31:AD31) -> 243 | AM31: =SUM(E31:J31)+SUM(O31:R31)*3-123+123*3 -> 458 | AN31: =SUM(C31:D31)*3+SUM(E31:H31)*2+SUM(I31:J31)*3+SUM(K31:N31)*2+SUM(O31:R31)+123 -> 2438 | AO31: 0 | AP31: 36 | AQ31: 0 | AS31: =SUM(AA31:AB31)+AH31+S31 -> 0 | AU31: =AJ31-AV31-AX31-AW31-AY31 -> 377 | AV31: 597 | AW31: =AH31 -> 0 | AX31: =Z31+S31+AI31 -> 3 | AY31: =AG31 -> 0 | AZ31: 0 | BB31: =SUM(B31:D31)+K31+L31+AA31 -> 619 | BC31: =SUM(E31:F31)+SUM(M31:N31)+AB31+AH31+S31 -> 219 | BD31: =SUM(G31:H31)+O31+P31 -> 26 | BE31: =SUM(I31:J31)+Q31+R31+AC31+AD31 -> 0 | BH31: =SUM(T31:V31)+AE31+AG31 -> 107 | BI31: =W31+AF31 -> 3 | BJ31: =X31+Z31+AI31 -> 3 | BK31: =Y31 -> 0 | BM31: 11
A32: =A31+1 -> 46262 | B32: 0 | C32: 335 | D32: 113 | E32: 5 | F32: 90 | G32: 5 | H32: 3 | I32: 0 | J32: 0 | K32: 3 | L32: 3 | M32: 37 | N32: 24 | O32: 7 | P32: 6 | Q32: 4 | R32: 1 | T32: 64 | U32: 11 | V32: 0 | W32: 2 | X32: 0 | Y32: 0 | Z32: 2 | AE32: 10 | AJ32: =SUM(B32:AI32) -> 725 | AL32: =SUM(K32:L32)*2+SUM(M32:N32)*3+AH32+SUM(AA32:AD32) -> 195 | AM32: =SUM(E32:J32)+SUM(O32:R32)*3-76+76*3 -> 309 | AN32: =SUM(C32:D32)*3+SUM(E32:H32)*2+SUM(I32:J32)*3+SUM(K32:N32)*2+SUM(O32:R32)+76 -> 1778 | AO32: 0 | AP32: 17 | AQ32: 0 | AS32: =SUM(AA32:AB32)+AH32+S32 -> 0 | AU32: =AJ32-AV32-AX32-AW32-AY32 -> 367 | AV32: 356 | AW32: =AH32 -> 0 | AX32: =Z32+S32+AI32 -> 2 | AY32: =AG32 -> 0 | AZ32: 0 | BB32: =SUM(B32:D32)+K32+L32+AA32 -> 454 | BC32: =SUM(E32:F32)+SUM(M32:N32)+AB32+AH32+S32 -> 156 | BD32: =SUM(G32:H32)+O32+P32 -> 21 | BE32: =SUM(I32:J32)+Q32+R32+AC32+AD32 -> 5 | BH32: =SUM(T32:V32)+AE32+AG32 -> 85 | BI32: =W32+AF32 -> 2 | BJ32: =X32+Z32+AI32 -> 2 | BK32: =Y32 -> 0 | BM32: 23
A33: =A32+1 -> 46263 | AJ33: =SUM(B33:AI33) -> 0 | AL33: =SUM(K33:L33)*2+SUM(M33:N33)*3+AH33+SUM(AA33:AD33) -> 0 | AM33: =SUM(E33:J33)+SUM(O33:R33)*3 -> 0 | AN33: =SUM(C33:D33)*3+SUM(E33:H33)*2+SUM(I33:J33)*3+SUM(K33:N33)*2+SUM(O33:R33) -> 0 | AO33: 0 | AQ33: 0 | AS33: =SUM(AA33:AB33)+AH33+S33 -> 0 | AU33: =AJ33-AV33-AX33-AW33-AY33 -> 0 | AV33: 0 | AW33: =AH33 -> 0 | AX33: =Z33+S33+AI33 -> 0 | AZ33: 0 | BB33: =SUM(B33:D33)+K33+L33+AA33 -> 0 | BC33: =SUM(E33:F33)+SUM(M33:N33)+AB33+AH33+S33 -> 0 | BD33: =SUM(G33:H33)+O33+P33 -> 0 | BE33: =SUM(I33:J33)+Q33+R33+AC33+AD33 -> 0 | BH33: =SUM(T33:V33)+AE33+AG33 -> 0 | BI33: =W33+AF33 -> 0 | BJ33: =X33+Z33+AI33 -> 0 | BK33: =Y33 -> 0
A34: =A33+1 -> 46264 | AJ34: =SUM(B34:AI34) -> 0 | AL34: =SUM(K34:L34)*2+SUM(M34:N34)*3+AH34+SUM(AA34:AD34) -> 0 | AM34: =SUM(E34:J34)+SUM(O34:R34)*3 -> 0 | AN34: =SUM(C34:D34)*3+SUM(E34:H34)*2+SUM(I34:J34)*3+SUM(K34:N34)*2+SUM(O34:R34) -> 0 | AO34: 0 | AQ34: 0 | AS34: =SUM(AA34:AB34)+AH34+S34 -> 0 | AU34: =AJ34-AV34-AX34-AW34-AY34 -> 0 | AV34: 0 | AW34: =AH34 -> 0 | AX34: =Z34+S34+AI34 -> 0 | AZ34: 0 | BB34: =SUM(B34:D34)+K34+L34+AA34 -> 0 | BC34: =SUM(E34:F34)+SUM(M34:N34)+AB34+AH34+S34 -> 0 | BD34: =SUM(G34:H34)+O34+P34 -> 0 | BE34: =SUM(I34:J34)+Q34+R34+AC34+AD34 -> 0 | BH34: =SUM(T34:V34)+AE34+AG34 -> 0 | BI34: =W34+AF34 -> 0 | BJ34: =X34+Z34+AI34 -> 0 | BK34: =Y34 -> 0
A35: =A34+1 -> 46265 | B35: 0 | C35: 1520 | D35: 415 | E35: 56 | F35: 58 | G35: 15 | H35: 0 | I35: 0 | J35: 0 | K35: 18 | L35: 36 | M35: 87 | N35: 47 | O35: 22 | P35: 20 | Q35: 8 | R35: 4 | T35: 342 | U35: 21 | V35: 0 | W35: 4 | X35: 0 | Y35: 0 | Z35: 564 | AE35: 5 | AJ35: =SUM(B35:AI35) -> 3242 | AL35: =SUM(K35:L35)*2+SUM(M35:N35)*3+AH35+SUM(AA35:AD35) -> 510 | AM35: =SUM(E35:J35)+SUM(O35:R35)*3 -> 291 | AN35: =SUM(C35:D35)*3+SUM(E35:H35)*2+SUM(I35:J35)*3+SUM(K35:N35)*2+SUM(O35:R35) -> 6493 | AO35: 0 | AQ35: 0 | AS35: =SUM(AA35:AB35)+AH35+S35 -> 0 | AU35: =AJ35-AV35-AX35-AW35-AY35 -> 2678 | AV35: 0 | AW35: =AH35 -> 0 | AX35: =Z35+S35+AI35 -> 564 | AY35: =AG35 -> 0 | AZ35: 0 | BB35: =SUM(B35:D35)+K35+L35+AA35 -> 1989 | BC35: =SUM(E35:F35)+SUM(M35:N35)+AB35+AH35 -> 248 | BD35: =SUM(G35:H35)+O35+P35 -> 57 | BE35: =SUM(I35:J35)+Q35+R35+AC35+AD35 -> 12 | BH35: =SUM(T35:V35)+AE35+AG35 -> 368 | BI35: =W35+AF35 -> 4 | BJ35: =X35+Z35+AI35 -> 564 | BK35: =Y35 -> 0 | BM35: 22
A36: 합 계 | B36: =SUM(B5:B35) -> 0 | C36: =SUM(C5:C35) -> 12851 | D36: =SUM(D5:D35) -> 4392 | E36: =SUM(E5:E35) -> 479 | F36: =SUM(F5:F35) -> 8810 | G36: =SUM(G5:G35) -> 372 | H36: =SUM(H5:H35) -> 49 | I36: =SUM(I5:I35) -> 0 | ... R36: =SUM(R5:R35) -> 70 | S36: =SUM(S5:S32) -> 0 | T36: =SUM(T5:T35) -> 4074 | U36: =SUM(U5:U35) -> 344 | V36: =SUM(V5:V35) -> 0 | W36: =SUM(W5:W35) -> 106 | X36: =SUM(X5:X35) -> 3 | Y36: =SUM(Y5:Y35) -> 0 | Z36: =SUM(Z5:Z35) -> 1154 | AA36: =SUM(AA5:AA35) -> 30 | ... AJ36: =SUM(AJ5:AJ35) -> 39021 | AL36: =SUM(AL5:AL35) -> 26971 | AM36: =SUM(AM5:AM35) -> 27917 | AN36: =SUM(AN5:AN35) -> 81352 | AO36: =SUM(AO5:AO35) -> 0 | AP36: =SUM(AP5:AP35) -> 1104 | AQ36: =SUM(AQ5:AQ35) -> 27 | AR36: =SUM(AR5:AR35) -> 0 | AS36: =SUM(AS5:AS35) -> 42 | AU36: =SUM(AU5:AU35) -> 12473 | AV36: =SUM(AV5:AV35) -> 25382 | AW36: =SUM(AW5:AW35) -> 12 | AX36: =SUM(AX5:AX35) -> 1154 | AY36: =SUM(AY5:AY35) -> 0 | AZ36: =SUM(AZ5:AZ35) -> 0 | BB36: =SUM(BB5:BB35) -> 19378 | BC36: =SUM(BC5:BC35) -> 12537 | BD36: =SUM(BD5:BD35) -> 1213 | BE36: =SUM(BE5:BE35) -> 183 | BF36: =SUM(BF5:BF35) -> 0 | BG36: =SUM(BG5:BG35) -> 0 | BH36: =SUM(BH5:BH35) -> 4447 | BI36: =SUM(BI5:BI35) -> 106 | ... BK36: =SUM(BK5:BK35) -> 0 | BM36: =SUM(BM5:BM35) -> 422 | BN36: =SUM(BN5:BN35) -> 27
AL37: ※ 아이스팩(중), 신선테이핑 작업료 - 상온 부직포 선물세트 건수 제외
AL38: ※ PCM - 냉동 부직포 선물세트 건수 포함

Sheet 홈쇼핑
B1: CJ온스타일 | V1: 공영쇼핑 | AA1: NS홈쇼핑 | AY1: CJ온스타일,공영은 작업비만 | BB1: NS는 작업비+택배비까지 청구
A2: ㈜농협목우촌 | B2: 홈쇼핑_아이스박스_1호 냉장 | C2: 홈쇼핑_아이스박스_1호 냉동 | D2: 홈쇼핑_아이스박스_T135 냉장 | E2: 홈쇼핑_아이스박스_T135 냉장 | F2: 홈쇼핑_아이스박스_2호 냉장 | G2: 홈쇼핑_아이스박스_2호 냉동 | H2: 홈쇼핑_아이스박스_3호 냉장 | I2: 홈쇼핑_아이스박스_3호 냉동 | J2: 홈쇼핑_아이스박스_4호 냉장 | K2: 홈쇼핑_아이스박스_4호 냉동 | L2: 홈쇼핑_아이스박스_5호 냉장 | M2: 홈쇼핑_아이스박스_5호 냉동 | N2: 홈쇼핑_아이스박스_6호 냉장 | O2: 홈쇼핑_아이스박스_6호 냉동 | P2: 홈쇼핑_종이박스_1호 | Q2: 홈쇼핑_종이박스_2호 | R2: 홈쇼핑_종이박스_4호 | S2: 홈쇼핑_종이박스_5호 | T2: 총수량 | V2: 홈쇼핑_아이스박스_3호 냉장 | W2: 홈쇼핑_종이박스_2호 | X2: 일반_종이박스_2호 (두껍) | Y2: 총수량 | AA2: 홈쇼핑_아이스박스_2k 냉장 | AB2: 홈쇼핑_아이스박스_1호 냉장 | AC2: 홈쇼핑_아이스박스_1호 냉동 | AD2: 홈쇼핑_아이스박스_T135 냉장 | AE2: 홈쇼핑_아이스박스_T135 냉동 | AF2: 홈쇼핑_아이스박스_2호 냉장 | AG2: 홈쇼핑_아이스박스_2호 냉동 | AH2: 홈쇼핑_아이스박스_3호 냉장 | AI2: 홈쇼핑_아이스박스_3호 냉동 | AJ2: 홈쇼핑_아이스박스_4호 냉장 | AK2: 홈쇼핑_아이스박스_4호 냉동 | AL2: 홈쇼핑_아이스박스_5호 냉장 | AM2: 홈쇼핑_아이스박스_5호 냉동 | AN2: 홈쇼핑_아이스박스_6호 냉장 | AO2: 홈쇼핑_아이스박스_6호 냉동 | AP2: 홈쇼핑_종이박스_1호 | AQ2: 홈쇼핑_종이박스_2호 | AR2: 총수량 | AT2: 아이스팩_500g | AU2: 아이스팩_1000g | AV2: PCM | AW2: 드라이아이스 | AY2: 작업료_세트/홈쇼핑 | AZ2: 작업료_세트/홈쇼핑_해체 | BA2: 저온_택배비_극소 | BB2: 저온_택배비_소 | BC2: 상온_택배비_극소 | BD2: 작업료_완충제포장 | BE2: 작업료_완충제인입 | BF2: 작업료_부직포가방 | BH2: 특이사항
A3: 사이즈 | B3: 극소 | C3: 극소 | D3: 극소 | E3: 극소 | F3: 소 | G3: 소 | H3: 소 | I3: 소 | J3: 중 | K3: 중 | L3: 중 | M3: 중 | N3: 대 | O3: 대 | P3: 극소 | Q3: 극소 | R3: 중 | S3: 대 | V3: 소 | W3: 극소 | X3: 극소 | AA3: 극소 | AB3: 극소 | AC3: 극소 | AD3: 극소 | AE3: 극소 | AF3: 소 | AG3: 소 | AH3: 소 | AI3: 소 | AJ3: 중 | AK3: 중 | AL3: 중 | AM3: 중 | AN3: 대 | AO3: 대 | AP3: 극소 | AQ3: 극소 | BA3: 극소 | BB3: 소 | BC3: 극소
A4: 46235 | T4: =SUM(B4:S4) -> 0 | Y4: =SUM(V4:X4) -> 0 | AR4: =SUM(AA4:AQ4) -> 0 | AT4: =N(C4)*2+N(AC4)*2+N(AE4)*2+N(G4)*3+N(I4)*3+N(AG4)*3+N(AI4)*3+N(F4)+N(H4)+N(J4)+N(L4)+N(AF4)+N(AH4)+N(AJ4)+N(AL4)+N(N4)*2+N(AN4)*2 -> 0 | AU4: =N(F4)+N(H4)+N(J4)+N(K4)*3+N(L4)+N(M4)*3+N(N4)+N(O4)*3+N(AF4)+N(AH4)+N(AJ4)+N(AK4)*3+N(AL4)+N(AM4)*3+N(AN4)+N(AO4)*3+V4*2 -> 0 | AV4: =N(AA4)+N(B4)*2+N(D4)*2+N(E4)*2+N(AB4)*2+N(AD4)*2+N(C4)*2+N(AC4)*2+N(AE4)*2+N(G4)*2+N(I4)*2+N(AG4)*2+N(AI4)*2+N(K4)+N(M4)+N(O4)+N(AK4)+N(AM4)+N(AO4) -> 0 | AW4: 0 | AY4: =T4+Y4+AR4 -> 0 | BA4: =SUM(AA4:AE4) -> 0 | BB4: =SUM(AF4:AI4) -> 0 | BC4: =SUM(AP4:AQ4) -> 0
A5: =A4+1 -> 46236 | T5: =SUM(B5:S5) -> 0 | Y5: =SUM(V5:X5) -> 0 | AR5: =SUM(AA5:AQ5) -> 0 | AT5: =N(B5)*2+N(C5)*2+N(D5)*2+N(E5)*2+N(G5)*3+N(I5)*3+N(N5)+N(AA5)+N(AB5)*2+N(AC5)*2+N(AD5)*2+N(AE5)*2+N(AG5)*3+N(AI5)*3+N(AN5) -> 0 | AU5: =N(F5)+N(H5)+N(J5)+N(K5)*3+N(L5)+N(M5)*3+N(N5)+N(O5)*3+N(AF5)+N(AH5)+N(AJ5)+N(AK5)*3+N(AL5)+N(AM5)*3+N(AN5)+N(AO5)*3+V5*2 -> 0 | AV5: =N(AA5)+N(B5)*2+N(D5)*2+N(E5)*2+N(AB5)*2+N(AD5)*2+N(C5)*2+N(AC5)*2+N(AE5)*2+N(G5)*2+N(I5)*2+N(AG5)*2+N(AI5)*2+N(K5)+N(M5)+N(O5)+N(AK5)+N(AM5)+N(AO5) -> 0 | AW5: 0 | AY5: =T5+Y5+AR5 -> 0 | BA5: =SUM(AA5:AE5) -> 0 | BB5: =SUM(AF5:AI5) -> 0 | BC5: =SUM(AP5:AQ5) -> 0
A6: =A5+1 -> 46237 | C6: 1 | T6: =SUM(B6:S6) -> 1 | V6: 4 | Y6: =SUM(V6:X6) -> 4 | AD6: 1 | AI6: 2 | AR6: =SUM(AA6:AQ6) -> 3 | AT6: =N(B6)*2+N(C6)*2+N(D6)*2+N(E6)*2+N(G6)*3+N(I6)*3+N(N6)+N(AA6)+N(AB6)*2+N(AC6)*2+N(AD6)*2+N(AE6)*2+N(AG6)*3+N(AI6)*3+N(AN6) -> 10 | AU6: =N(F6)+N(H6)+N(J6)+N(K6)*3+N(L6)+N(M6)*3+N(N6)+N(O6)*3+N(AF6)+N(AH6)+N(AJ6)+N(AK6)*3+N(AL6)+N(AM6)*3+N(AN6)+N(AO6)*3+V6*2 -> 8 | AV6: =N(AA6)+N(B6)*2+N(D6)*2+N(E6)*2+N(AB6)*2+N(AD6)*2+N(C6)*2+N(AC6)*2+N(AE6)*2+N(G6)*2+N(I6)*2+N(AG6)*2+N(AI6)*2+N(K6)+N(M6)+N(O6)+N(AK6)+N(AM6)+N(AO6) -> 8 | AW6: 0 | AY6: =T6+Y6+AR6 -> 8 | BA6: =SUM(AA6:AE6) -> 1 | BB6: =SUM(AF6:AI6) -> 2 | BC6: =SUM(AP6:AQ6) -> 0
A7: =A6+1 -> 46238 | B7: 1 | T7: =SUM(B7:S7) -> 1 | V7: 2 | Y7: =SUM(V7:X7) -> 2 | AR7: =SUM(AA7:AQ7) -> 0 | AT7: =N(B7)*2+N(C7)*2+N(D7)*2+N(E7)*2+N(G7)*3+N(I7)*3+N(N7)+N(AA7)+N(AB7)*2+N(AC7)*2+N(AD7)*2+N(AE7)*2+N(AG7)*3+N(AI7)*3+N(AN7) -> 2 | AU7: =N(F7)+N(H7)+N(J7)+N(K7)*3+N(L7)+N(M7)*3+N(N7)+N(O7)*3+N(AF7)+N(AH7)+N(AJ7)+N(AK7)*3+N(AL7)+N(AM7)*3+N(AN7)+N(AO7)*3+V7*2 -> 4 | AV7: =N(AA7)+N(B7)*2+N(D7)*2+N(E7)*2+N(AB7)*2+N(AD7)*2+N(C7)*2+N(AC7)*2+N(AE7)*2+N(G7)*2+N(I7)*2+N(AG7)*2+N(AI7)*2+N(K7)+N(M7)+N(O7)+N(AK7)+N(AM7)+N(AO7) -> 2 | AW7: 0 | AY7: =T7+Y7+AR7 -> 3 | BA7: =SUM(AA7:AE7) -> 0 | BB7: =SUM(AF7:AI7) -> 0 | BC7: =SUM(AP7:AQ7) -> 0
A8: =A7+1 -> 46239 | E8: 5 | T8: =SUM(B8:S8) -> 5 | V8: 1 | W8: 1 | Y8: =SUM(V8:X8) -> 2 | AD8: 1 | AR8: =SUM(AA8:AQ8) -> 1 | AT8: =N(B8)*2+N(C8)*2+N(D8)*2+N(E8)*2+N(G8)*3+N(I8)*3+N(N8)+N(AA8)+N(AB8)*2+N(AC8)*2+N(AD8)*2+N(AE8)*2+N(AG8)*3+N(AI8)*3+N(AN8) -> 12 | AU8: =N(F8)+N(H8)+N(J8)+N(K8)*3+N(L8)+N(M8)*3+N(N8)+N(O8)*3+N(AF8)+N(AH8)+N(AJ8)+N(AK8)*3+N(AL8)+N(AM8)*3+N(AN8)+N(AO8)*3+V8*2 -> 2 | AV8: =N(AA8)+N(B8)*2+N(D8)*2+N(E8)*2+N(AB8)*2+N(AD8)*2+N(C8)*2+N(AC8)*2+N(AE8)*2+N(G8)*2+N(I8)*2+N(AG8)*2+N(AI8)*2+N(K8)+N(M8)+N(O8)+N(AK8)+N(AM8)+N(AO8) -> 12 | AW8: 0 | AY8: =T8+Y8+AR8 -> 8 | BA8: =SUM(AA8:AE8) -> 1 | BB8: =SUM(AF8:AI8) -> 0 | BC8: =SUM(AP8:AQ8) -> 0
A9: =A8+1 -> 46240 | T9: =SUM(B9:S9) -> 0 | V9: 1 | Y9: =SUM(V9:X9) -> 1 | AI9: 1 | AR9: =SUM(AA9:AQ9) -> 1 | AT9: =N(B9)*2+N(C9)*2+N(D9)*2+N(E9)*2+N(G9)*3+N(I9)*3+N(N9)+N(AA9)+N(AB9)*2+N(AC9)*2+N(AD9)*2+N(AE9)*2+N(AG9)*3+N(AI9)*3+N(AN9) -> 3 | AU9: =N(F9)+N(H9)+N(J9)+N(K9)*3+N(L9)+N(M9)*3+N(N9)+N(O9)*3+N(AF9)+N(AH9)+N(AJ9)+N(AK9)*3+N(AL9)+N(AM9)*3+N(AN9)+N(AO9)*3+V9*2 -> 2 | AV9: =N(AA9)+N(B9)*2+N(D9)*2+N(E9)*2+N(AB9)*2+N(AD9)*2+N(C9)*2+N(AC9)*2+N(AE9)*2+N(G9)*2+N(I9)*2+N(AG9)*2+N(AI9)*2+N(K9)+N(M9)+N(O9)+N(AK9)+N(AM9)+N(AO9) -> 2 | AW9: 0 | AY9: =T9+Y9+AR9 -> 2 | BA9: =SUM(AA9:AE9) -> 0 | BB9: =SUM(AF9:AI9) -> 1 | BC9: =SUM(AP9:AQ9) -> 0
A10: =A9+1 -> 46241 | T10: =SUM(B10:S10) -> 0 | Y10: =SUM(V10:X10) -> 0 | AA10: 2 | AP10: 1 | AR10: =SUM(AA10:AQ10) -> 3 | AT10: =N(B10)*2+N(C10)*2+N(D10)*2+N(E10)*2+N(G10)*3+N(I10)*3+N(N10)+N(AA10)+N(AB10)*2+N(AC10)*2+N(AD10)*2+N(AE10)*2+N(AG10)*3+N(AI10)*3+N(AN10) -> 2 | AU10: =N(F10)+N(H10)+N(J10)+N(K10)*3+N(L10)+N(M10)*3+N(N10)+N(O10)*3+N(AF10)+N(AH10)+N(AJ10)+N(AK10)*3+N(AL10)+N(AM10)*3+N(AN10)+N(AO10)*3+V10*2 -> 0 | AV10: =N(AA10)+N(B10)*2+N(D10)*2+N(E10)*2+N(AB10)*2+N(AD10)*2+N(C10)*2+N(AC10)*2+N(AE10)*2+N(G10)*2+N(I10)*2+N(AG10)*2+N(AI10)*2+N(K10)+N(M10)+N(O10)+N(AK10)+N(AM10)+N(AO10) -> 2 | AW10: 0 | AY10: =T10+Y10+AR10 -> 3 | BA10: =SUM(AA10:AE10) -> 2 | BB10: =SUM(AF10:AI10) -> 0 | BC10: =SUM(AP10:AQ10) -> 1
A11: =A10+1 -> 46242 | T11: =SUM(B11:S11) -> 0 | Y11: =SUM(V11:X11) -> 0 | AR11: =SUM(AA11:AQ11) -> 0 | AT11: =N(B11)*2+N(C11)*2+N(D11)*2+N(E11)*2+N(G11)*3+N(I11)*3+N(N11)+N(AA11)+N(AB11)*2+N(AC11)*2+N(AD11)*2+N(AE11)*2+N(AG11)*3+N(AI11)*3+N(AN11) -> 0 | AU11: =N(F11)+N(H11)+N(J11)+N(K11)*3+N(L11)+N(M11)*3+N(N11)+N(O11)*3+N(AF11)+N(AH11)+N(AJ11)+N(AK11)*3+N(AL11)+N(AM11)*3+N(AN11)+N(AO11)*3+V11*2 -> 0 | AV11: =N(AA11)+N(B11)*2+N(D11)*2+N(E11)*2+N(AB11)*2+N(AD11)*2+N(C11)*2+N(AC11)*2+N(AE11)*2+N(G11)*2+N(I11)*2+N(AG11)*2+N(AI11)*2+N(K11)+N(M11)+N(O11)+N(AK11)+N(AM11)+N(AO11) -> 0 | AW11: 0 | AY11: =T11+Y11+AR11 -> 0 | BA11: =SUM(AA11:AE11) -> 0 | BB11: =SUM(AF11:AI11) -> 0 | BC11: =SUM(AP11:AQ11) -> 0
A12: =A11+1 -> 46243 | T12: =SUM(B12:S12) -> 0 | Y12: =SUM(V12:X12) -> 0 | AR12: =SUM(AA12:AQ12) -> 0 | AT12: =N(B12)*2+N(C12)*2+N(D12)*2+N(E12)*2+N(G12)*3+N(I12)*3+N(N12)+N(AA12)+N(AB12)*2+N(AC12)*2+N(AD12)*2+N(AE12)*2+N(AG12)*3+N(AI12)*3+N(AN12) -> 0 | AU12: =N(F12)+N(H12)+N(J12)+N(K12)*3+N(L12)+N(M12)*3+N(N12)+N(O12)*3+N(AF12)+N(AH12)+N(AJ12)+N(AK12)*3+N(AL12)+N(AM12)*3+N(AN12)+N(AO12)*3+V12*2 -> 0 | AV12: =N(AA12)+N(B12)*2+N(D12)*2+N(E12)*2+N(AB12)*2+N(AD12)*2+N(C12)*2+N(AC12)*2+N(AE12)*2+N(G12)*2+N(I12)*2+N(AG12)*2+N(AI12)*2+N(K12)+N(M12)+N(O12)+N(AK12)+N(AM12)+N(AO12) -> 0 | AW12: 0 | AY12: =T12+Y12+AR12 -> 0 | BA12: =SUM(AA12:AE12) -> 0 | BB12: =SUM(AF12:AI12) -> 0 | BC12: =SUM(AP12:AQ12) -> 0
A13: =A12+1 -> 46244 | T13: =SUM(B13:S13) -> 0 | V13: 3 | Y13: =SUM(V13:X13) -> 3 | AD13: 3 | AI13: 1 | AR13: =SUM(AA13:AQ13) -> 4 | AT13: =N(B13)*2+N(C13)*2+N(D13)*2+N(E13)*2+N(G13)*3+N(I13)*3+N(N13)+N(AA13)+N(AB13)*2+N(AC13)*2+N(AD13)*2+N(AE13)*2+N(AG13)*3+N(AI13)*3+N(AN13) -> 9 | AU13: =N(F13)+N(H13)+N(J13)+N(K13)*3+N(L13)+N(M13)*3+N(N13)+N(O13)*3+N(AF13)+N(AH13)+N(AJ13)+N(AK13)*3+N(AL13)+N(AM13)*3+N(AN13)+N(AO13)*3+V13*2 -> 6 | AV13: =N(AA13)+N(B13)*2+N(D13)*2+N(E13)*2+N(AB13)*2+N(AD13)*2+N(C13)*2+N(AC13)*2+N(AE13)*2+N(G13)*2+N(I13)*2+N(AG13)*2+N(AI13)*2+N(K13)+N(M13)+N(O13)+N(AK13)+N(AM13)+N(AO13) -> 8 | AW13: 0 | AY13: =T13+Y13+AR13 -> 7 | BA13: =SUM(AA13:AE13) -> 3 | BB13: =SUM(AF13:AI13) -> 1 | BC13: =SUM(AP13:AQ13) -> 0
A14: =A13+1 -> 46245 | C14: 2 | T14: =SUM(B14:S14) -> 2 | V14: 2 | W14: 2 | Y14: =SUM(V14:X14) -> 4 | AD14: 2 | AR14: =SUM(AA14:AQ14) -> 2 | AT14: =N(B14)*2+N(C14)*2+N(D14)*2+N(E14)*2+N(G14)*3+N(I14)*3+N(N14)+N(AA14)+N(AB14)*2+N(AC14)*2+N(AD14)*2+N(AE14)*2+N(AG14)*3+N(AI14)*3+N(AN14) -> 8 | AU14: =N(F14)+N(H14)+N(J14)+N(K14)*3+N(L14)+N(M14)*3+N(N14)+N(O14)*3+N(AF14)+N(AH14)+N(AJ14)+N(AK14)*3+N(AL14)+N(AM14)*3+N(AN14)+N(AO14)*3+V14*2 -> 4 | AV14: =N(AA14)+N(B14)*2+N(D14)*2+N(E14)*2+N(AB14)*2+N(AD14)*2+N(C14)*2+N(AC14)*2+N(AE14)*2+N(G14)*2+N(I14)*2+N(AG14)*2+N(AI14)*2+N(K14)+N(M14)+N(O14)+N(AK14)+N(AM14)+N(AO14) -> 8 | AW14: 0 | AY14: =T14+Y14+AR14 -> 8 | BA14: =SUM(AA14:AE14) -> 2 | BB14: =SUM(AF14:AI14) -> 0 | BC14: =SUM(AP14:AQ14) -> 0
A15: =A14+1 -> 46246 | C15: 1 | T15: =SUM(B15:S15) -> 1 | Y15: =SUM(V15:X15) -> 0 | AI15: 4 | AR15: =SUM(AA15:AQ15) -> 4 | AT15: =N(C15)*2+N(AC15)*2+N(AE15)*2+(N(G15)+N(I15)+N(AG15)+N(AI15))*3 -> 14 | AU15: =N(F15)+N(H15)+N(J15)+N(K15)*3+N(L15)+N(M15)*3+N(N15)+N(O15)*3+N(AF15)+N(AH15)+N(AJ15)+N(AK15)*3+N(AL15)+N(AM15)*3+N(AN15)+N(AO15)*3+V15*2 -> 0 | AV15: =(N(B15)+N(D15)+N(E15)+N(AB15)+N(AD15))*3+(N(F15)+N(H15)+N(J15)+N(L15)+N(AF15)+N(AH15)+N(AJ15)+N(AL15))*2+(N(N15)+N(AN15))*3+(N(C15)+N(AC15)+N(AE15)+N(G15)+N(I15)+N(AG15)+N(AI15))*2+N(K15)+N(M15)+N(O15)+N(AK15)+N(AM15)+N(AO15) -> 10 | AW15: 0 | AY15: =T15+Y15+AR15 -> 5 | BA15: =SUM(AA15:AE15) -> 0 | BB15: =SUM(AF15:AI15) -> 4 | BC15: =SUM(AP15:AQ15) -> 0
A16: =A15+1 -> 46247 | T16: =SUM(B16:S16) -> 0 | Y16: =SUM(V16:X16) -> 0 | AR16: =SUM(AA16:AQ16) -> 0 | AT16: =N(C16)*2+N(AC16)*2+N(AE16)*2+(N(G16)+N(I16)+N(AG16)+N(AI16))*3 -> 0 | AU16: =N(F16)+N(H16)+N(J16)+N(K16)*3+N(L16)+N(M16)*3+N(N16)+N(O16)*3+N(AF16)+N(AH16)+N(AJ16)+N(AK16)*3+N(AL16)+N(AM16)*3+N(AN16)+N(AO16)*3+V16*2 -> 0 | AV16: =(N(B16)+N(D16)+N(E16)+N(AB16)+N(AD16))*3+(N(F16)+N(H16)+N(J16)+N(L16)+N(AF16)+N(AH16)+N(AJ16)+N(AL16))*2+(N(N16)+N(AN16))*3+(N(C16)+N(AC16)+N(AE16)+N(G16)+N(I16)+N(AG16)+N(AI16))*2+N(K16)+N(M16)+N(O16)+N(AK16)+N(AM16)+N(AO16) -> 0 | AW16: 0 | AY16: =T16+Y16+AR16 -> 0 | BA16: =SUM(AA16:AE16) -> 0 | BB16: =SUM(AF16:AI16) -> 0 | BC16: =SUM(AP16:AQ16) -> 0
A17: =A16+1 -> 46248 | T17: =SUM(B17:S17) -> 0 | Y17: =SUM(V17:X17) -> 0 | AR17: =SUM(AA17:AQ17) -> 0 | AT17: =N(C17)*2+N(AC17)*2+N(AE17)*2+(N(G17)+N(I17)+N(AG17)+N(AI17))*3 -> 0 | AU17: =N(F17)+N(H17)+N(J17)+N(K17)*3+N(L17)+N(M17)*3+N(N17)+N(O17)*3+N(AF17)+N(AH17)+N(AJ17)+N(AK17)*3+N(AL17)+N(AM17)*3+N(AN17)+N(AO17)*3+V17*2 -> 0 | AV17: =(N(B17)+N(D17)+N(E17)+N(AB17)+N(AD17))*3+(N(F17)+N(H17)+N(J17)+N(L17)+N(AF17)+N(AH17)+N(AJ17)+N(AL17))*2+(N(N17)+N(AN17))*3+(N(C17)+N(AC17)+N(AE17)+N(G17)+N(I17)+N(AG17)+N(AI17))*2+N(K17)+N(M17)+N(O17)+N(AK17)+N(AM17)+N(AO17) -> 0 | AW17: 0 | AY17: =T17+Y17+AR17 -> 0 | BA17: =SUM(AA17:AE17) -> 0 | BB17: =SUM(AF17:AI17) -> 0 | BC17: =SUM(AP17:AQ17) -> 0
A18: =A17+1 -> 46249 | T18: =SUM(B18:S18) -> 0 | Y18: =SUM(V18:X18) -> 0 | AR18: =SUM(AA18:AQ18) -> 0 | AT18: =N(C18)*2+N(AC18)*2+N(AE18)*2+(N(G18)+N(I18)+N(AG18)+N(AI18))*3 -> 0 | AU18: =N(F18)+N(H18)+N(J18)+N(K18)*3+N(L18)+N(M18)*3+N(N18)+N(O18)*3+N(AF18)+N(AH18)+N(AJ18)+N(AK18)*3+N(AL18)+N(AM18)*3+N(AN18)+N(AO18)*3+V18*2 -> 0 | AV18: =(N(B18)+N(D18)+N(E18)+N(AB18)+N(AD18))*3+(N(F18)+N(H18)+N(J18)+N(L18)+N(AF18)+N(AH18)+N(AJ18)+N(AL18))*2+(N(N18)+N(AN18))*3+(N(C18)+N(AC18)+N(AE18)+N(G18)+N(I18)+N(AG18)+N(AI18))*2+N(K18)+N(M18)+N(O18)+N(AK18)+N(AM18)+N(AO18) -> 0 | AW18: 0 | AY18: =T18+Y18+AR18 -> 0 | BA18: =SUM(AA18:AE18) -> 0 | BB18: =SUM(AF18:AI18) -> 0 | BC18: =SUM(AP18:AQ18) -> 0
A19: =A18+1 -> 46250 | T19: =SUM(B19:S19) -> 0 | Y19: =SUM(V19:X19) -> 0 | AR19: =SUM(AA19:AQ19) -> 0 | AT19: =N(C19)*2+N(AC19)*2+N(AE19)*2+(N(G19)+N(I19)+N(AG19)+N(AI19))*3 -> 0 | AU19: =N(F19)+N(H19)+N(J19)+N(K19)*3+N(L19)+N(M19)*3+N(N19)+N(O19)*3+N(AF19)+N(AH19)+N(AJ19)+N(AK19)*3+N(AL19)+N(AM19)*3+N(AN19)+N(AO19)*3+V19*2 -> 0 | AV19: =(N(B19)+N(D19)+N(E19)+N(AB19)+N(AD19))*3+(N(F19)+N(H19)+N(J19)+N(L19)+N(AF19)+N(AH19)+N(AJ19)+N(AL19))*2+(N(N19)+N(AN19))*3+(N(C19)+N(AC19)+N(AE19)+N(G19)+N(I19)+N(AG19)+N(AI19))*2+N(K19)+N(M19)+N(O19)+N(AK19)+N(AM19)+N(AO19) -> 0 | AW19: 0 | AY19: =T19+Y19+AR19 -> 0 | BA19: =SUM(AA19:AE19) -> 0 | BB19: =SUM(AF19:AI19) -> 0 | BC19: =SUM(AP19:AQ19) -> 0
A20: =A19+1 -> 46251 | T20: =SUM(B20:S20) -> 0 | Y20: =SUM(V20:X20) -> 0 | AR20: =SUM(AA20:AQ20) -> 0 | AT20: =N(C20)*2+N(AC20)*2+N(AE20)*2+(N(G20)+N(I20)+N(AG20)+N(AI20))*3 -> 0 | AU20: =N(F20)+N(H20)+N(J20)+N(K20)*3+N(L20)+N(M20)*3+N(N20)+N(O20)*3+N(AF20)+N(AH20)+N(AJ20)+N(AK20)*3+N(AL20)+N(AM20)*3+N(AN20)+N(AO20)*3+V20*2 -> 0 | AV20: =(N(B20)+N(D20)+N(E20)+N(AB20)+N(AD20))*3+(N(F20)+N(H20)+N(J20)+N(L20)+N(AF20)+N(AH20)+N(AJ20)+N(AL20))*2+(N(N20)+N(AN20))*3+(N(C20)+N(AC20)+N(AE20)+N(G20)+N(I20)+N(AG20)+N(AI20))*2+N(K20)+N(M20)+N(O20)+N(AK20)+N(AM20)+N(AO20) -> 0 | AW20: 0 | AY20: =T20+Y20+AR20 -> 0 | BA20: =SUM(AA20:AE20) -> 0 | BB20: =SUM(AF20:AI20) -> 0 | BC20: =SUM(AP20:AQ20) -> 0
A21: =A20+1 -> 46252 | T21: =SUM(B21:S21) -> 0 | V21: 10 | Y21: =SUM(V21:X21) -> 10 | AD21: 2 | AI21: 2 | AP21: 1 | AR21: =SUM(AA21:AQ21) -> 5 | AT21: =N(C21)*2+N(AC21)*2+N(AE21)*2+(N(G21)+N(I21)+N(AG21)+N(AI21))*3 -> 6 | AU21: =N(F21)+N(H21)+N(J21)+N(K21)*3+N(L21)+N(M21)*3+N(N21)+N(O21)*3+N(AF21)+N(AH21)+N(AJ21)+N(AK21)*3+N(AL21)+N(AM21)*3+N(AN21)+N(AO21)*3+V21*2 -> 20 | AV21: =(N(B21)+N(D21)+N(E21)+N(AB21)+N(AD21))*3+(N(F21)+N(H21)+N(J21)+N(L21)+N(AF21)+N(AH21)+N(AJ21)+N(AL21))*2+(N(N21)+N(AN21))*3+(N(C21)+N(AC21)+N(AE21)+N(G21)+N(I21)+N(AG21)+N(AI21))*2+N(K21)+N(M21)+N(O21)+N(AK21)+N(AM21)+N(AO21) -> 10 | AW21: 0 | AY21: =T21+Y21+AR21 -> 15 | BA21: =SUM(AA21:AE21) -> 2 | BB21: =SUM(AF21:AI21) -> 2 | BC21: =SUM(AP21:AQ21) -> 1
A22: =A21+1 -> 46253 | T22: =SUM(B22:S22) -> 0 | V22: 1 | W22: 1 | Y22: =SUM(V22:X22) -> 2 | AD22: 1 | AI22: 1 | AR22: =SUM(AA22:AQ22) -> 2 | AT22: =N(C22)*2+N(AC22)*2+N(AE22)*2+(N(G22)+N(I22)+N(AG22)+N(AI22))*3 -> 3 | AU22: =N(F22)+N(H22)+N(J22)+N(K22)*3+N(L22)+N(M22)*3+N(N22)+N(O22)*3+N(AF22)+N(AH22)+N(AJ22)+N(AK22)*3+N(AL22)+N(AM22)*3+N(AN22)+N(AO22)*3+V22*2 -> 2 | AV22: =(N(B22)+N(D22)+N(E22)+N(AB22)+N(AD22))*3+(N(F22)+N(H22)+N(J22)+N(L22)+N(AF22)+N(AH22)+N(AJ22)+N(AL22))*2+(N(N22)+N(AN22))*3+(N(C22)+N(AC22)+N(AE22)+N(G22)+N(I22)+N(AG22)+N(AI22))*2+N(K22)+N(M22)+N(O22)+N(AK22)+N(AM22)+N(AO22) -> 5 | AW22: 0 | AY22: =T22+Y22+AR22 -> 4 | BA22: =SUM(AA22:AE22) -> 1 | BB22: =SUM(AF22:AI22) -> 1 | BC22: =SUM(AP22:AQ22) -> 0
A23: =A22+1 -> 46254 | T23: =SUM(B23:S23) -> 0 | V23: 1 | Y23: =SUM(V23:X23) -> 1 | AI23: 2 | AP23: 1 | AR23: =SUM(AA23:AQ23) -> 3 | AT23: =N(C23)*2+N(AC23)*2+N(AE23)*2+(N(G23)+N(I23)+N(AG23)+N(AI23))*3 -> 6 | AU23: =N(F23)+N(H23)+N(J23)+N(K23)*3+N(L23)+N(M23)*3+N(N23)+N(O23)*3+N(AF23)+N(AH23)+N(AJ23)+N(AK23)*3+N(AL23)+N(AM23)*3+N(AN23)+N(AO23)*3+V23*2 -> 2 | AV23: =(N(B23)+N(D23)+N(E23)+N(AB23)+N(AD23))*3+(N(F23)+N(H23)+N(J23)+N(L23)+N(AF23)+N(AH23)+N(AJ23)+N(AL23))*2+(N(N23)+N(AN23))*3+(N(C23)+N(AC23)+N(AE23)+N(G23)+N(I23)+N(AG23)+N(AI23))*2+N(K23)+N(M23)+N(O23)+N(AK23)+N(AM23)+N(AO23) -> 4 | AW23: 0 | AY23: =T23+Y23+AR23 -> 4 | BA23: =SUM(AA23:AE23) -> 0 | BB23: =SUM(AF23:AI23) -> 2 | BC23: =SUM(AP23:AQ23) -> 1
A24: =A23+1 -> 46255 | T24: =SUM(B24:S24) -> 0 | Y24: =SUM(V24:X24) -> 0 | AR24: =SUM(AA24:AQ24) -> 0 | AT24: =N(C24)*2+N(AC24)*2+N(AE24)*2+(N(G24)+N(I24)+N(AG24)+N(AI24))*3 -> 0 | AU24: =N(F24)+N(H24)+N(J24)+N(K24)*3+N(L24)+N(M24)*3+N(N24)+N(O24)*3+N(AF24)+N(AH24)+N(AJ24)+N(AK24)*3+N(AL24)+N(AM24)*3+N(AN24)+N(AO24)*3+V24*2 -> 0 | AV24: =(N(B24)+N(D24)+N(E24)+N(AB24)+N(AD24))*3+(N(F24)+N(H24)+N(J24)+N(L24)+N(AF24)+N(AH24)+N(AJ24)+N(AL24))*2+(N(N24)+N(AN24))*3+(N(C24)+N(AC24)+N(AE24)+N(G24)+N(I24)+N(AG24)+N(AI24))*2+N(K24)+N(M24)+N(O24)+N(AK24)+N(AM24)+N(AO24) -> 0 | AW24: 0 | AY24: =T24+Y24+AR24 -> 0 | BA24: =SUM(AA24:AE24) -> 0 | BB24: =SUM(AF24:AI24) -> 0 | BC24: =SUM(AP24:AQ24) -> 0
A25: =A24+1 -> 46256 | T25: =SUM(B25:S25) -> 0 | Y25: =SUM(V25:X25) -> 0 | AR25: =SUM(AA25:AQ25) -> 0 | AT25: =N(C25)*2+N(AC25)*2+N(AE25)*2+(N(G25)+N(I25)+N(AG25)+N(AI25))*3 -> 0 | AU25: =N(F25)+N(H25)+N(J25)+N(K25)*3+N(L25)+N(M25)*3+N(N25)+N(O25)*3+N(AF25)+N(AH25)+N(AJ25)+N(AK25)*3+N(AL25)+N(AM25)*3+N(AN25)+N(AO25)*3+V25*2 -> 0 | AV25: =(N(B25)+N(D25)+N(E25)+N(AB25)+N(AD25))*3+(N(F25)+N(H25)+N(J25)+N(L25)+N(AF25)+N(AH25)+N(AJ25)+N(AL25))*2+(N(N25)+N(AN25))*3+(N(C25)+N(AC25)+N(AE25)+N(G25)+N(I25)+N(AG25)+N(AI25))*2+N(K25)+N(M25)+N(O25)+N(AK25)+N(AM25)+N(AO25) -> 0 | AW25: 0 | AY25: =T25+Y25+AR25 -> 0 | BA25: =SUM(AA25:AE25) -> 0 | BB25: =SUM(AF25:AI25) -> 0 | BC25: =SUM(AP25:AQ25) -> 0
A26: =A25+1 -> 46257 | T26: =SUM(B26:S26) -> 0 | Y26: =SUM(V26:X26) -> 0 | AR26: =SUM(AA26:AQ26) -> 0 | AT26: =N(C26)*2+N(AC26)*2+N(AE26)*2+(N(G26)+N(I26)+N(AG26)+N(AI26))*3 -> 0 | AU26: =N(F26)+N(H26)+N(J26)+N(K26)*3+N(L26)+N(M26)*3+N(N26)+N(O26)*3+N(AF26)+N(AH26)+N(AJ26)+N(AK26)*3+N(AL26)+N(AM26)*3+N(AN26)+N(AO26)*3+V26*2 -> 0 | AV26: =(N(B26)+N(D26)+N(E26)+N(AB26)+N(AD26))*3+(N(F26)+N(H26)+N(J26)+N(L26)+N(AF26)+N(AH26)+N(AJ26)+N(AL26))*2+(N(N26)+N(AN26))*3+(N(C26)+N(AC26)+N(AE26)+N(G26)+N(I26)+N(AG26)+N(AI26))*2+N(K26)+N(M26)+N(O26)+N(AK26)+N(AM26)+N(AO26) -> 0 | AW26: 0 | AY26: =T26+Y26+AR26 -> 0 | BA26: =SUM(AA26:AE26) -> 0 | BB26: =SUM(AF26:AI26) -> 0 | BC26: =SUM(AP26:AQ26) -> 0
A27: =A26+1 -> 46258 | C27: 1 | E27: 1 | T27: =SUM(B27:S27) -> 2 | V27: 3 | Y27: =SUM(V27:X27) -> 3 | AD27: 1 | AI27: 1 | AR27: =SUM(AA27:AQ27) -> 2 | AT27: =N(C27)*2+N(AC27)*2+N(AE27)*2+(N(G27)+N(I27)+N(AG27)+N(AI27))*3 -> 5 | AU27: =N(F27)+N(H27)+N(J27)+N(K27)*3+N(L27)+N(M27)*3+N(N27)+N(O27)*3+N(AF27)+N(AH27)+N(AJ27)+N(AK27)*3+N(AL27)+N(AM27)*3+N(AN27)+N(AO27)*3+V27*2 -> 6 | AV27: =(N(B27)+N(D27)+N(E27)+N(AB27)+N(AD27))*3+(N(F27)+N(H27)+N(J27)+N(L27)+N(AF27)+N(AH27)+N(AJ27)+N(AL27))*2+(N(N27)+N(AN27))*3+(N(C27)+N(AC27)+N(AE27)+N(G27)+N(I27)+N(AG27)+N(AI27))*2+N(K27)+N(M27)+N(O27)+N(AK27)+N(AM27)+N(AO27) -> 10 | AW27: 0 | AY27: =T27+Y27+AR27 -> 7 | BA27: =SUM(AA27:AE27) -> 1 | BB27: =SUM(AF27:AI27) -> 1 | BC27: =SUM(AP27:AQ27) -> 0
A28: =A27+1 -> 46259 | T28: =SUM(B28:S28) -> 0 | Y28: =SUM(V28:X28) -> 0 | AR28: =SUM(AA28:AQ28) -> 0 | AT28: =N(C28)*2+N(AC28)*2+N(AE28)*2+(N(G28)+N(I28)+N(AG28)+N(AI28))*3 -> 0 | AU28: =N(F28)+N(H28)+N(J28)+N(K28)*3+N(L28)+N(M28)*3+N(N28)+N(O28)*3+N(AF28)+N(AH28)+N(AJ28)+N(AK28)*3+N(AL28)+N(AM28)*3+N(AN28)+N(AO28)*3+V28*2 -> 0 | AV28: =(N(B28)+N(D28)+N(E28)+N(AB28)+N(AD28))*3+(N(F28)+N(H28)+N(J28)+N(L28)+N(AF28)+N(AH28)+N(AJ28)+N(AL28))*2+(N(N28)+N(AN28))*3+(N(C28)+N(AC28)+N(AE28)+N(G28)+N(I28)+N(AG28)+N(AI28))*2+N(K28)+N(M28)+N(O28)+N(AK28)+N(AM28)+N(AO28) -> 0 | AW28: 0 | AY28: =T28+Y28+AR28 -> 0 | BA28: =SUM(AA28:AE28) -> 0 | BB28: =SUM(AF28:AI28) -> 0 | BC28: =SUM(AP28:AQ28) -> 0
A29: =A28+1 -> 46260 | T29: =SUM(B29:S29) -> 0 | V29: 1 | Y29: =SUM(V29:X29) -> 1 | AI29: 1 | AP29: 2 | AR29: =SUM(AA29:AQ29) -> 3 | AT29: =N(C29)*2+N(AC29)*2+N(AE29)*2+(N(G29)+N(I29)+N(AG29)+N(AI29))*3 -> 3 | AU29: =N(F29)+N(H29)+N(J29)+N(K29)*3+N(L29)+N(M29)*3+N(N29)+N(O29)*3+N(AF29)+N(AH29)+N(AJ29)+N(AK29)*3+N(AL29)+N(AM29)*3+N(AN29)+N(AO29)*3+V29*2 -> 2 | AV29: =(N(B29)+N(D29)+N(E29)+N(AB29)+N(AD29))*3+(N(F29)+N(H29)+N(J29)+N(L29)+N(AF29)+N(AH29)+N(AJ29)+N(AL29))*2+(N(N29)+N(AN29))*3+(N(C29)+N(AC29)+N(AE29)+N(G29)+N(I29)+N(AG29)+N(AI29))*2+N(K29)+N(M29)+N(O29)+N(AK29)+N(AM29)+N(AO29) -> 2 | AW29: 0 | AY29: =T29+Y29+AR29 -> 4 | BA29: =SUM(AA29:AE29) -> 0 | BB29: =SUM(AF29:AI29) -> 1 | BC29: =SUM(AP29:AQ29) -> 2
A30: =A29+1 -> 46261 | T30: =SUM(B30:S30) -> 0 | Y30: =SUM(V30:X30) -> 0 | AI30: 10 | AR30: =SUM(AA30:AQ30) -> 10 | AT30: =N(C30)*2+N(AC30)*2+N(AE30)*2+(N(G30)+N(I30)+N(AG30)+N(AI30))*3 -> 30 | AU30: =N(F30)+N(H30)+N(J30)+N(K30)*3+N(L30)+N(M30)*3+N(N30)+N(O30)*3+N(AF30)+N(AH30)+N(AJ30)+N(AK30)*3+N(AL30)+N(AM30)*3+N(AN30)+N(AO30)*3+V30*2 -> 0 | AV30: =(N(B30)+N(D30)+N(E30)+N(AB30)+N(AD30))*3+(N(F30)+N(H30)+N(J30)+N(L30)+N(AF30)+N(AH30)+N(AJ30)+N(AL30))*2+(N(N30)+N(AN30))*3+(N(C30)+N(AC30)+N(AE30)+N(G30)+N(I30)+N(AG30)+N(AI30))*2+N(K30)+N(M30)+N(O30)+N(AK30)+N(AM30)+N(AO30) -> 20 | AW30: 0 | AY30: =T30+Y30+AR30 -> 10 | BA30: =SUM(AA30:AE30) -> 0 | BB30: =SUM(AF30:AI30) -> 10 | BC30: =SUM(AP30:AQ30) -> 0
A31: =A30+1 -> 46262 | E31: 2 | T31: =SUM(B31:S31) -> 2 | V31: 3 | Y31: =SUM(V31:X31) -> 3 | AA31: 2 | AR31: =SUM(AA31:AQ31) -> 2 | AT31: =N(C31)*2+N(AC31)*2+N(AE31)*2+(N(G31)+N(I31)+N(AG31)+N(AI31))*3 -> 0 | AU31: =N(F31)+N(H31)+N(J31)+N(K31)*3+N(L31)+N(M31)*3+N(N31)+N(O31)*3+N(AF31)+N(AH31)+N(AJ31)+N(AK31)*3+N(AL31)+N(AM31)*3+N(AN31)+N(AO31)*3+V31*2 -> 6 | AV31: =(N(B31)+N(D31)+N(E31)+N(AB31)+N(AD31))*3+(N(F31)+N(H31)+N(J31)+N(L31)+N(AF31)+N(AH31)+N(AJ31)+N(AL31))*2+(N(N31)+N(AN31))*3+(N(C31)+N(AC31)+N(AE31)+N(G31)+N(I31)+N(AG31)+N(AI31))*2+N(K31)+N(M31)+N(O31)+N(AK31)+N(AM31)+N(AO31) -> 6 | AW31: 0 | AY31: =T31+Y31+AR31 -> 7 | BA31: =SUM(AA31:AE31) -> 2 | BB31: =SUM(AF31:AI31) -> 0 | BC31: =SUM(AP31:AQ31) -> 0
A32: =A31+1 -> 46263 | T32: =SUM(B32:S32) -> 0 | Y32: =SUM(V32:X32) -> 0 | AR32: =SUM(AA32:AQ32) -> 0 | AT32: =N(C32)*2+N(AC32)*2+N(AE32)*2+(N(G32)+N(I32)+N(AG32)+N(AI32))*3 -> 0 | AU32: =N(F32)+N(H32)+N(J32)+N(K32)*3+N(L32)+N(M32)*3+N(N32)+N(O32)*3+N(AF32)+N(AH32)+N(AJ32)+N(AK32)*3+N(AL32)+N(AM32)*3+N(AN32)+N(AO32)*3+V32*2 -> 0 | AV32: =(N(B32)+N(D32)+N(E32)+N(AB32)+N(AD32))*3+(N(F32)+N(H32)+N(J32)+N(L32)+N(AF32)+N(AH32)+N(AJ32)+N(AL32))*2+(N(N32)+N(AN32))*3+(N(C32)+N(AC32)+N(AE32)+N(G32)+N(I32)+N(AG32)+N(AI32))*2+N(K32)+N(M32)+N(O32)+N(AK32)+N(AM32)+N(AO32) -> 0 | AW32: 0 | AY32: =T32+Y32+AR32 -> 0 | BA32: =SUM(AA32:AE32) -> 0 | BB32: =SUM(AF32:AI32) -> 0 | BC32: =SUM(AP32:AQ32) -> 0
A33: =A32+1 -> 46264 | T33: =SUM(B33:S33) -> 0 | Y33: =SUM(V33:X33) -> 0 | AR33: =SUM(AA33:AQ33) -> 0 | AT33: =N(C33)*2+N(AC33)*2+N(AE33)*2+(N(G33)+N(I33)+N(AG33)+N(AI33))*3 -> 0 | AU33: =N(F33)+N(H33)+N(J33)+N(K33)*3+N(L33)+N(M33)*3+N(N33)+N(O33)*3+N(AF33)+N(AH33)+N(AJ33)+N(AK33)*3+N(AL33)+N(AM33)*3+N(AN33)+N(AO33)*3+V33*2 -> 0 | AV33: =(N(B33)+N(D33)+N(E33)+N(AB33)+N(AD33))*3+(N(F33)+N(H33)+N(J33)+N(L33)+N(AF33)+N(AH33)+N(AJ33)+N(AL33))*2+(N(N33)+N(AN33))*3+(N(C33)+N(AC33)+N(AE33)+N(G33)+N(I33)+N(AG33)+N(AI33))*2+N(K33)+N(M33)+N(O33)+N(AK33)+N(AM33)+N(AO33) -> 0 | AW33: 0 | AY33: =T33+Y33+AR33 -> 0 | BA33: =SUM(AA33:AE33) -> 0 | BB33: =SUM(AF33:AI33) -> 0 | BC33: =SUM(AP33:AQ33) -> 0
A34: =A33+1 -> 46265 | T34: =SUM(B34:S34) -> 0 | V34: 1 | Y34: =SUM(V34:X34) -> 1 | AR34: =SUM(AC34:AQ34) -> 0 | AT34: =N(C34)*2+N(AC34)*2+N(AE34)*2+(N(G34)+N(I34)+N(AG34)+N(AI34))*3 -> 0 | AU34: =N(F34)+N(H34)+N(J34)+N(K34)*3+N(L34)+N(M34)*3+N(N34)+N(O34)*3+N(AF34)+N(AH34)+N(AJ34)+N(AK34)*3+N(AL34)+N(AM34)*3+N(AN34)+N(AO34)*3+V34*2 -> 2 | AV34: =(N(B34)+N(D34)+N(E34)+N(AB34)+N(AD34))*3+(N(F34)+N(H34)+N(J34)+N(L34)+N(AF34)+N(AH34)+N(AJ34)+N(AL34))*2+(N(N34)+N(AN34))*3+(N(C34)+N(AC34)+N(AE34)+N(G34)+N(I34)+N(AG34)+N(AI34))*2+N(K34)+N(M34)+N(O34)+N(AK34)+N(AM34)+N(AO34) -> 0 | AW34: 0 | AY34: =T34+Y34+AR34 -> 1 | BA34: =SUM(AA34:AE34) -> 0 | BB34: =SUM(AF34:AI34) -> 0 | BC34: =SUM(AP34:AQ34) -> 0
A35: 합 계 | B35: =SUM(B4:B34) -> 1 | C35: =SUM(C4:C34) -> 5 | D35: =SUM(D4:D34) -> 0 | E35: =SUM(E4:E34) -> 8 | F35: =SUM(F4:F34) -> 0 | G35: =SUM(G4:G34) -> 0 | H35: =SUM(H4:H34) -> 0 | I35: =SUM(I4:I34) -> 0 | ... T35: =SUM(T4:T34) -> 14 | V35: =SUM(V4:V34) -> 33 | W35: =SUM(W4:W34) -> 4 | X35: =SUM(X4:X34) -> 0 | Y35: =SUM(Y4:Y34) -> 37 | AA35: =SUM(AA4:AA34) -> 4 | AB35: =SUM(AB4:AB34) -> 0 | AC35: =SUM(AC4:AC34) -> 0 | AD35: =SUM(AD4:AD34) -> 11 | AE35: =SUM(AE4:AE34) -> 0 | AF35: =SUM(AF4:AF34) -> 0 | AG35: =SUM(AG4:AG34) -> 0 | AH35: =SUM(AH4:AH34) -> 0 | ... AR35: =SUM(AR4:AR34) -> 45 | AT35: =SUM(AT4:AT34) -> 113 | AU35: =SUM(AU4:AU34) -> 66 | AV35: =SUM(AV4:AV34) -> 109 | AW35: =SUM(AW4:AW34) -> 0 | AY35: =SUM(AY4:AY34) -> 96 | AZ35: =SUM(AZ4:AZ34) -> 0 | BA35: =SUM(BA4:BA34) -> 15 | BB35: =SUM(BB4:BB34) -> 25 | BC35: =SUM(BC4:BC34) -> 5 | BD35: =SUM(BD4:BD34) -> 0 | BE35: =SUM(BE4:BE34) -> 0 | BF35: =SUM(BF4:BF34) -> 0

Sheet 쿠팡택배
B1: 로켓프레시 | K1: 로켓그로스
A2: ㈜농협목우촌 | B2: 쿠팡 샘플 | C2: 쿠팡 샘플 | D2: 쿠팡_450g | E2: 쿠팡_육포 30~35g | F2: 쿠팡_캔햄 1.8kg | G2: 쿠팡_육포100g | H2: 쿠팡_뚝심 | I2: 쿠팡_선물세트 | J2: 쿠팡_700g 쿠팡_850g 펫사료 | K2: 로켓그로스_사료 | L2: 총수량 | N2: 작업료_송장부착 | O2: 작업료_스티커 부착 | Q2: 상온_택배비_극소 | R2: 상온_택배비_소 | S2: 상온_택배비_중 | U2: 특이사항
A3: 사이즈 | B3: 극소 | C3: 소 | D3: 소 | E3: 소 | F3: 소 | G3: 중 | H3: 중 | I3: 중 | J3: 중 | K3: 중 | Q3: 극소 | R3: 소 | S3: 중
A4: 46235 | L4: =SUM(B4:K4) -> 0 | N4: =L4 -> 0 | O4: =SUM(D4:J4)*4+SUM(B4:C4)*3 -> 0 | Q4: =B4 -> 0 | R4: =SUM(C4:F4) -> 0 | S4: =SUM(G4:K4) -> 0
A5: =A4+1 -> 46236 | L5: =SUM(B5:K5) -> 0 | N5: =L5 -> 0 | O5: =SUM(D5:J5)*4+SUM(B5:C5)*3 -> 0 | Q5: =B5 -> 0 | R5: =SUM(C5:F5) -> 0 | S5: =SUM(G5:K5) -> 0
A6: =A5+1 -> 46237 | L6: =SUM(B6:K6) -> 0 | N6: =L6 -> 0 | O6: =SUM(D6:J6)*4+SUM(B6:C6)*3 -> 0 | Q6: =B6 -> 0 | R6: =SUM(C6:F6) -> 0 | S6: =SUM(G6:K6) -> 0
A7: =A6+1 -> 46238 | D7: 7 | E7: 26 | H7: 5 | J7: 41 | L7: =SUM(B7:K7) -> 79 | N7: =L7 -> 79 | O7: =SUM(D7:J7)*4+SUM(B7:C7)*3 -> 316 | Q7: =B7 -> 0 | R7: =SUM(C7:F7) -> 33 | S7: =SUM(G7:K7) -> 46
A8: =A7+1 -> 46239 | L8: =SUM(B8:K8) -> 0 | N8: =L8 -> 0 | O8: =SUM(D8:J8)*4+SUM(B8:C8)*3 -> 0 | Q8: =B8 -> 0 | R8: =SUM(C8:F8) -> 0 | S8: =SUM(G8:K8) -> 0
A9: =A8+1 -> 46240 | D9: 6 | E9: 4 | G9: 9 | H9: 2 | J9: 9 | L9: =SUM(B9:K9) -> 30 | N9: =L9 -> 30 | O9: =SUM(D9:J9)*4+SUM(B9:C9)*3 -> 120 | Q9: =B9 -> 0 | R9: =SUM(C9:F9) -> 10 | S9: =SUM(G9:K9) -> 20
A10: =A9+1 -> 46241 | D10: 7 | E10: 4 | G10: 8 | J10: 11 | L10: =SUM(B10:K10) -> 30 | N10: =L10 -> 30 | O10: =SUM(D10:J10)*4+SUM(B10:C10)*3 -> 120 | Q10: =B10 -> 0 | R10: =SUM(C10:F10) -> 11 | S10: =SUM(G10:K10) -> 19
A11: =A10+1 -> 46242 | L11: =SUM(B11:K11) -> 0 | N11: =L11 -> 0 | O11: =SUM(D11:J11)*4+SUM(B11:C11)*3 -> 0 | Q11: =B11 -> 0 | R11: =SUM(C11:F11) -> 0 | S11: =SUM(G11:K11) -> 0
A12: =A11+1 -> 46243 | L12: =SUM(B12:K12) -> 0 | N12: =L12 -> 0 | O12: =SUM(D12:J12)*4+SUM(B12:C12)*3 -> 0 | Q12: =B12 -> 0 | R12: =SUM(C12:F12) -> 0 | S12: =SUM(G12:K12) -> 0
A13: =A12+1 -> 46244 | L13: =SUM(B13:K13) -> 0 | N13: =L13 -> 0 | O13: =SUM(D13:J13)*4+SUM(B13:C13)*3 -> 0 | Q13: =B13 -> 0 | R13: =SUM(C13:F13) -> 0 | S13: =SUM(G13:K13) -> 0
A14: =A13+1 -> 46245 | D14: 3 | G14: 7 | J14: 10 | L14: =SUM(B14:K14) -> 20 | N14: =L14 -> 20 | O14: =SUM(D14:J14)*4+SUM(B14:C14)*3 -> 80 | Q14: =B14 -> 0 | R14: =SUM(C14:F14) -> 3 | S14: =SUM(G14:K14) -> 17
A15: =A14+1 -> 46246 | D15: 11 | E15: 7 | G15: 15 | H15: 3 | I15: 19 | J15: 20 | L15: =SUM(B15:K15) -> 75 | N15: =L15 -> 75 | O15: =SUM(D15:J15)*4+SUM(B15:C15)*3 -> 300 | Q15: =B15 -> 0 | R15: =SUM(C15:F15) -> 18 | S15: =SUM(G15:K15) -> 57
A16: =A15+1 -> 46247 | L16: =SUM(B16:K16) -> 0 | N16: =L16 -> 0 | O16: =SUM(D16:J16)*4+SUM(B16:C16)*3 -> 0 | Q16: =B16 -> 0 | R16: =SUM(C16:F16) -> 0 | S16: =SUM(G16:K16) -> 0
A17: =A16+1 -> 46248 | L17: =SUM(B17:K17) -> 0 | N17: =L17 -> 0 | O17: =SUM(D17:J17)*4+SUM(B17:C17)*3 -> 0 | Q17: =B17 -> 0 | R17: =SUM(C17:F17) -> 0 | S17: =SUM(G17:K17) -> 0
A18: =A17+1 -> 46249 | L18: =SUM(B18:K18) -> 0 | N18: =L18 -> 0 | O18: =SUM(D18:J18)*4+SUM(B18:C18)*3 -> 0 | Q18: =B18 -> 0 | R18: =SUM(C18:F18) -> 0 | S18: =SUM(G18:K18) -> 0
A19: =A18+1 -> 46250 | L19: =SUM(B19:K19) -> 0 | N19: =L19 -> 0 | O19: =SUM(D19:J19)*4+SUM(B19:C19)*3 -> 0 | Q19: =B19 -> 0 | R19: =SUM(C19:F19) -> 0 | S19: =SUM(G19:K19) -> 0
A20: =A19+1 -> 46251 | L20: =SUM(B20:K20) -> 0 | N20: =L20 -> 0 | O20: =SUM(D20:J20)*4+SUM(B20:C20)*3 -> 0 | Q20: =B20 -> 0 | R20: =SUM(C20:F20) -> 0 | S20: =SUM(G20:K20) -> 0
A21: =A20+1 -> 46252 | C21: 1 | D21: 4 | G21: 6 | I21: 22 | J21: 10 | L21: =SUM(B21:K21) -> 43 | N21: =L21 -> 43 | O21: =SUM(D21:J21)*4+SUM(B21:C21)*3 -> 171 | Q21: =B21 -> 0 | R21: =SUM(C21:F21) -> 5 | S21: =SUM(G21:K21) -> 38
A22: =A21+1 -> 46253 | L22: =SUM(B22:K22) -> 0 | N22: =L22 -> 0 | O22: =SUM(D22:J22)*4+SUM(B22:C22)*3 -> 0 | Q22: =B22 -> 0 | R22: =SUM(C22:F22) -> 0 | S22: =SUM(G22:K22) -> 0
A23: =A22+1 -> 46254 | D23: 3 | G23: 6 | I23: 62 | J23: 14 | L23: =SUM(B23:K23) -> 85 | N23: =L23 -> 85 | O23: =SUM(D23:J23)*4+SUM(B23:C23)*3 -> 340 | Q23: =B23 -> 0 | R23: =SUM(C23:F23) -> 3 | S23: =SUM(G23:K23) -> 82
A24: =A23+1 -> 46255 | L24: =SUM(B24:K24) -> 0 | N24: =L24 -> 0 | O24: =SUM(D24:J24)*4+SUM(B24:C24)*3 -> 0 | Q24: =B24 -> 0 | R24: =SUM(C24:F24) -> 0 | S24: =SUM(G24:K24) -> 0
A25: =A24+1 -> 46256 | L25: =SUM(B25:K25) -> 0 | N25: =L25 -> 0 | O25: =SUM(D25:J25)*4+SUM(B25:C25)*3 -> 0 | Q25: =B25 -> 0 | R25: =SUM(C25:F25) -> 0 | S25: =SUM(G25:K25) -> 0
A26: =A25+1 -> 46257 | L26: =SUM(B26:K26) -> 0 | N26: =L26 -> 0 | O26: =SUM(D26:J26)*4+SUM(B26:C26)*3 -> 0 | Q26: =B26 -> 0 | R26: =SUM(C26:F26) -> 0 | S26: =SUM(G26:K26) -> 0
A27: =A26+1 -> 46258 | G27: 7 | I27: 71 | J27: 4 | L27: =SUM(B27:K27) -> 82 | N27: =L27 -> 82 | O27: =SUM(D27:J27)*4+SUM(B27:C27)*3 -> 328 | Q27: =B27 -> 0 | R27: =SUM(C27:F27) -> 0 | S27: =SUM(G27:K27) -> 82
A28: =A27+1 -> 46259 | L28: =SUM(B28:K28) -> 0 | N28: =L28 -> 0 | O28: =SUM(D28:J28)*4+SUM(B28:C28)*3 -> 0 | Q28: =B28 -> 0 | R28: =SUM(C28:F28) -> 0 | S28: =SUM(G28:K28) -> 0
A29: =A28+1 -> 46260 | L29: =SUM(B29:K29) -> 0 | N29: =L29 -> 0 | O29: =SUM(D29:J29)*4+SUM(B29:C29)*3 -> 0 | Q29: =B29 -> 0 | R29: =SUM(C29:F29) -> 0 | S29: =SUM(G29:K29) -> 0
A30: =A29+1 -> 46261 | G30: 13 | I30: 27 | J30: 7 | L30: =SUM(B30:K30) -> 47 | N30: =L30 -> 47 | O30: =SUM(D30:J30)*4+SUM(B30:C30)*3 -> 188 | Q30: =B30 -> 0 | R30: =SUM(C30:F30) -> 0 | S30: =SUM(G30:K30) -> 47
A31: =A30+1 -> 46262 | H31: 1 | I31: 31 | L31: =SUM(B31:K31) -> 32 | N31: =L31 -> 32 | O31: =SUM(D31:J31)*4+SUM(B31:C31)*3 -> 128 | Q31: =B31 -> 0 | R31: =SUM(C31:F31) -> 0 | S31: =SUM(G31:K31) -> 32
A32: =A31+1 -> 46263 | L32: =SUM(B32:K32) -> 0 | N32: =L32 -> 0 | O32: =SUM(D32:J32)*4+SUM(B32:C32)*3 -> 0 | Q32: =B32 -> 0 | R32: =SUM(C32:F32) -> 0 | S32: =SUM(G32:K32) -> 0
A33: =A32+1 -> 46264 | L33: =SUM(B33:K33) -> 0 | N33: =L33 -> 0 | O33: =SUM(D33:J33)*4+SUM(B33:C33)*3 -> 0 | Q33: =B33 -> 0 | R33: =SUM(C33:F33) -> 0 | S33: =SUM(G33:K33) -> 0
A34: =A33+1 -> 46265 | L34: =SUM(B34:K34) -> 0 | N34: =L34 -> 0 | O34: =SUM(D34:J34)*4+SUM(B34:C34)*3 -> 0 | Q34: =B34 -> 0 | R34: =SUM(C34:F34) -> 0 | S34: =SUM(G34:K34) -> 0
A35: 합 계 | B35: =SUM(B4:B34) -> 0 | C35: =SUM(C4:C34) -> 1 | D35: =SUM(D4:D34) -> 41 | E35: =SUM(E4:E34) -> 41 | F35: =SUM(F4:F34) -> 0 | G35: =SUM(G4:G34) -> 71 | H35: =SUM(H4:H34) -> 11 | I35: =SUM(I4:I34) -> 232 | ... L35: =SUM(L4:L34) -> 523 | N35: =SUM(N4:N34) -> 523 | O35: =SUM(O4:O34) -> 2091 | Q35: =SUM(Q4:Q34) -> 0 | R35: =SUM(R4:R34) -> 83 | S35: =SUM(S4:S34) -> 440

Sheet 도착보장
B1: 도착보장
A2: ㈜농협목우촌 | B2: 도착_아이스박스_2K | C2: 도착_아이스박스_1호 | D2: 도착_아이스박스_T135 | E2: 도착_아이스박스_2호 | F2: 도착_아이스박스_3호 | G2: 도착_아이스박스_4호 | H2: 도착_아이스박스_5호 | I2: 도착_아이스박스_6호 | J2: 도착_아이스박스_7호 | K2: 도착_아이스박스_1호 | L2: 도착_아이스박스_T135 | M2: 도착_아이스박스_2호 | N2: 도착_아이스박스_3호 | O2: 도착_아이스박스_4호 | P2: 도착_아이스박스_5호 | Q2: 도착_아이스박스_6호 | R2: 도착_아이스박스_7호 | S2: 도착_냉동 송장부착 | T2: 도착_종이박스_1호 | U2: 도착_종이박스_2호 | V2: 도착_종이박스_2호(강) | W2: 도착_종이박스_3호 | X2: 도착_종이박스_4호 | Y2: 도착_종이박스_5호 | Z2: 도착_송장부착 | AA2: 보냉세트 (1개) | AB2: 보냉세트 (2개) | AC2: 보냉 6호 | AD2: 보냉 7호 | AE2: 폴리세트 (1개) | AF2: 폴리세트 (2개) | AG2: 조립폴리세트 | AH2: 부직포세트 | AI2: 송장부착세트 | AJ2: 총수량 | AL2: 도착_아이스팩_500g | AM2: 도착_아이스팩_1000g | AN2: 도착_PCM | AO2: 도착_드라이아이스 | AP2: 도착_에어캡 | AQ2: 도착_인쇄물 작업 | AR2: 도착_신선테이핑 작업 | AT2: 도착_작업료_골라담기 | AU2: 도착_작업료_세트/홈쇼핑 | AV2: 도착_부직포세트 | AW2: 도착_작업료_송장부착 | AX2: 도착_작업료_완충제포장 | AY2: 도착_작업료_완충제인입 | BA2: 도착_저온_택배비_극소 | BB2: 도착_저온_택배비_소 | BC2: 도착_저온_택배비_중 | BD2: 도착_저온_택배비_대 | BE2: 도착_저온_택배비_대2 | BF2: 도착_저온_택배비_이형 | BG2: 도착_상온_택배비_극소 | BH2: 도착_상온_택배비_소 | BI2: 도착_상온_택배비_중 | BJ2: 도착_상온_택배비_대 | BL2: 특이사항
A3: 사이즈 | C3: 극소 | D3: 극소 | E3: 소 | F3: 소 | G3: 중 | H3: 중 | I3: 대 | J3: 대 | K3: 극소 | L3: 극소 | M3: 소 | N3: 소 | O3: 중 | P3: 중 | Q3: 대 | R3: 대 | T3: 극소 | U3: 극소 | V3: 극소 | W3: 소 | X3: 중 | Y3: 대 | Z3: 중 | AA3: 보냉팩 | AB3: 보냉팩 | AC3: 대 | AD3: 대 | AE3: 폴리백 | AF3: 폴리백 | AG3: 폴리백 | AH3: 부직포 | AI3: 중 | BA3: 극소 | BB3: 소 | BC3: 중 | BD3: 대 | BE3: 대2 | BF3: 이형 | BG3: 극소 | BH3: 소 | BI3: 중 | BJ3: 대
A4: 품온 | B4: 냉장 | K4: 냉동 | T4: 상온 | AA4: 세트
A5: 46235 | B5: 0 | C5: 148 | D5: 16 | E5: 4 | F5: 10 | G5: 0 | H5: 4 | I5: 0 | J5: 0 | K5: 3 | L5: 16 | M5: 16 | N5: 40 | O5: 9 | P5: 6 | Q5: 2 | R5: 0 | T5: 24 | U5: 11 | W5: 1 | X5: 0 | Y5: 0 | Z5: 8 | AA5: 0 | AC5: 0 | AD5: 0 | AE5: 0 | AG5: 0 | AH5: 0 | AI5: 0 | AJ5: =SUM(B5:AI5) -> 318 | AL5: =SUM(E5:H5)+SUM(I5:J5)*2+SUM(K5:L5)*2+SUM(M5:N5)*3+AH5+SUM(AA5:AD5) -> 224 | AM5: =SUM(E5:J5)+SUM(O5:R5)*3 -> 69 | AN5: =B5+SUM(C5:D5)*2+SUM(K5:N5)*2+SUM(O5:R5) -> 495 | AO5: 0 | AP5: 24 | AQ5: 0 | AR5: =SUM(AA5:AB5)+AH5 -> 0 | AT5: =AJ5-AU5-AW5-AV5 -> 240 | AU5: 70 | AV5: =AH5 -> 0 | AW5: =Z5 -> 8 | BA5: =SUM(B5:D5)+K5+L5+AA5 -> 183 | BB5: =SUM(E5:F5)+SUM(M5:N5)+AB5+AH5+S5 -> 70 | BC5: =SUM(G5:H5)+O5+P5 -> 19 | BD5: =SUM(I5:J5)+Q5+R5+AC5+AD5 -> 2 | BG5: =SUM(T5:V5)+AE5+AG5 -> 35 | BH5: =W5+AF5 -> 1 | BI5: =X5+Z5+AI5 -> 8 | BJ5: =Y5 -> 0
A6: =A5+1 -> 46236 | B6: 0 | C6: 240 | D6: 0 | E6: 26 | F6: 21 | G6: 13 | H6: 0 | I6: 0 | J6: 0 | K6: 5 | L6: 32 | M6: 70 | N6: 51 | O6: 15 | P6: 14 | Q6: 0 | R6: 0 | T6: 41 | U6: 12 | W6: 5 | X6: 0 | Y6: 0 | Z6: 16 | AA6: 0 | AC6: 0 | AD6: 0 | AE6: 0 | AG6: 0 | AH6: 0 | AI6: 0 | AJ6: =SUM(B6:AI6) -> 561 | AL6: =SUM(E6:H6)+SUM(I6:J6)*2+SUM(K6:L6)*2+SUM(M6:N6)*3+AH6+SUM(AA6:AD6) -> 497 | AM6: =SUM(E6:J6)+SUM(O6:R6)*3 -> 147 | AN6: =B6+SUM(C6:D6)*2+SUM(K6:N6)*2+SUM(O6:R6) -> 825 | AO6: 0 | AP6: 32 | AQ6: 0 | AR6: =SUM(AA6:AB6)+AH6 -> 0 | AT6: =AJ6-AU6-AW6-AV6 -> 341 | AU6: 204 | AV6: =AH6 -> 0 | AW6: =Z6 -> 16 | BA6: =SUM(B6:D6)+K6+L6+AA6 -> 277 | BB6: =SUM(E6:F6)+SUM(M6:N6)+AB6+AH6+S6 -> 168 | BC6: =SUM(G6:H6)+O6+P6 -> 42 | BD6: =SUM(I6:J6)+Q6+R6+AC6+AD6 -> 0 | BG6: =SUM(T6:V6)+AE6+AG6 -> 53 | BH6: =W6+AF6 -> 5 | BI6: =X6+Z6+AI6 -> 16 | BJ6: =Y6 -> 0
A7: =A6+1 -> 46237 | B7: 0 | C7: 827 | D7: 24 | E7: 8 | F7: 18 | G7: 3 | H7: 0 | I7: 0 | J7: 0 | K7: 16 | L7: 20 | M7: 33 | N7: 71 | O7: 15 | P7: 7 | Q7: 3 | R7: 4 | T7: 63 | U7: 27 | W7: 3 | X7: 0 | Y7: 0 | Z7: 13 | AA7: 0 | AC7: 0 | AD7: 0 | AE7: 0 | AG7: 0 | AH7: 0 | AI7: 0 | AJ7: =SUM(B7:AI7) -> 1155 | AL7: =SUM(E7:H7)+SUM(I7:J7)*2+SUM(K7:L7)*2+SUM(M7:N7)*3+AH7+SUM(AA7:AD7) -> 413 | AM7: =SUM(E7:J7)+SUM(O7:R7)*3 -> 116 | AN7: =B7+SUM(C7:D7)*2+SUM(K7:N7)*2+SUM(O7:R7) -> 2011 | AO7: 0 | AP7: 33 | AQ7: 0 | AR7: =SUM(AA7:AB7)+AH7 -> 0 | AT7: =AJ7-AU7-AW7-AV7 -> 402 | AU7: 740 | AV7: =AH7 -> 0 | AW7: =Z7 -> 13 | BA7: =SUM(B7:D7)+K7+L7+AA7 -> 887 | BB7: =SUM(E7:F7)+SUM(M7:N7)+AB7+AH7+S7 -> 130 | BC7: =SUM(G7:H7)+O7+P7 -> 25 | BD7: =SUM(I7:J7)+Q7+R7+AC7+AD7 -> 7 | BG7: =SUM(T7:V7)+AE7+AG7 -> 90 | BH7: =W7+AF7 -> 3 | BI7: =X7+Z7+AI7 -> 13 | BJ7: =Y7 -> 0
A8: =A7+1 -> 46238 | B8: 0 | C8: 428 | D8: 24 | E8: 18 | F8: 15 | G8: 12 | H8: 0 | I8: 1 | J8: 0 | K8: 300 | L8: 18 | M8: 121 | N8: 74 | O8: 15 | P8: 3 | Q8: 0 | R8: 0 | T8: 52 | U8: 9 | W8: 4 | X8: 0 | Y8: 0 | Z8: 12 | AA8: 0 | AC8: 0 | AD8: 0 | AE8: 0 | AG8: 0 | AH8: 0 | AI8: 0 | AJ8: =SUM(B8:AI8) -> 1106 | AL8: =SUM(E8:H8)+SUM(I8:J8)*2+SUM(K8:L8)*2+SUM(M8:N8)*3+AH8+SUM(AA8:AD8) -> 1268 | AM8: =SUM(E8:J8)+SUM(O8:R8)*3 -> 100 | AN8: =B8+SUM(C8:D8)*2+SUM(K8:N8)*2+SUM(O8:R8) -> 1948 | AO8: 0 | AP8: 24 | AQ8: 0 | AR8: =SUM(AA8:AB8)+AH8 -> 0 | AT8: =AJ8-AU8-AW8-AV8 -> 340 | AU8: 754 | AV8: =AH8 -> 0 | AW8: =Z8 -> 12 | BA8: =SUM(B8:D8)+K8+L8+AA8 -> 770 | BB8: =SUM(E8:F8)+SUM(M8:N8)+AB8+AH8+S8 -> 228 | BC8: =SUM(G8:H8)+O8+P8 -> 30 | BD8: =SUM(I8:J8)+Q8+R8+AC8+AD8 -> 1 | BG8: =SUM(T8:V8)+AE8+AG8 -> 61 | BH8: =W8+AF8 -> 4 | BI8: =X8+Z8+AI8 -> 12 | BJ8: =Y8 -> 0
A9: =A8+1 -> 46239 | B9: 0 | C9: 124 | D9: 13 | E9: 16 | F9: 22 | G9: 7 | H9: 6 | I9: 1 | J9: 0 | K9: 42 | L9: 16 | M9: 41 | N9: 37 | O9: 6 | P9: 4 | Q9: 1 | R9: 0 | T9: 216 | U9: 10 | W9: 0 | X9: 0 | Y9: 0 | Z9: 22 | AA9: 0 | AC9: 0 | AD9: 0 | AE9: 0 | AG9: 0 | AH9: 0 | AI9: 0 | AJ9: =SUM(B9:AI9) -> 584 | AL9: =SUM(E9:H9)+SUM(I9:J9)*2+SUM(K9:L9)*2+SUM(M9:N9)*3+AH9+SUM(AA9:AD9) -> 403 | AM9: =SUM(E9:J9)+SUM(O9:R9)*3 -> 85 | AN9: =B9+SUM(C9:D9)*2+SUM(K9:N9)*2+SUM(O9:R9) -> 557 | AO9: 0 | AP9: 41 | AQ9: 0 | AR9: =SUM(AA9:AB9)+AH9 -> 0 | AT9: =AJ9-AU9-AW9-AV9 -> 328 | AU9: 234 | AV9: =AH9 -> 0 | AW9: =Z9 -> 22 | BA9: =SUM(B9:D9)+K9+L9+AA9 -> 195 | BB9: =SUM(E9:F9)+SUM(M9:N9)+AB9+AH9+S9 -> 116 | BC9: =SUM(G9:H9)+O9+P9 -> 23 | BD9: =SUM(I9:J9)+Q9+R9+AC9+AD9 -> 2 | BG9: =SUM(T9:V9)+AE9+AG9 -> 226 | BH9: =W9+AF9 -> 0 | BI9: =X9+Z9+AI9 -> 22 | BJ9: =Y9 -> 0
A10: =A9+1 -> 46240 | B10: 0 | C10: 98 | D10: 7 | E10: 19 | F10: 28 | G10: 4 | H10: 0 | I10: 0 | J10: 0 | K10: 14 | L10: 3 | M10: 37 | N10: 103 | O10: 28 | P10: 14 | Q10: 5 | R10: 1 | T10: 116 | U10: 25 | W10: 4 | X10: 0 | Y10: 0 | Z10: 38 | AA10: 0 | AC10: 0 | AD10: 0 | AE10: 0 | AG10: 0 | AH10: 0 | AI10: 0 | AJ10: =SUM(B10:AI10) -> 544 | AL10: =SUM(E10:H10)+SUM(I10:J10)*2+SUM(K10:L10)*2+SUM(M10:N10)*3+AH10+SUM(AA10:AD10) -> 505 | AM10: =SUM(E10:J10)+SUM(O10:R10)*3 -> 195 | AN10: =B10+SUM(C10:D10)*2+SUM(K10:N10)*2+SUM(O10:R10) -> 572 | AO10: 0 | AP10: 32 | AQ10: 0 | AR10: =SUM(AA10:AB10)+AH10 -> 0 | AT10: =AJ10-AU10-AW10-AV10 -> 304 | AU10: 202 | AV10: =AH10 -> 0 | AW10: =Z10 -> 38 | BA10: =SUM(B10:D10)+K10+L10+AA10 -> 122 | BB10: =SUM(E10:F10)+SUM(M10:N10)+AB10+AH10+S10 -> 187 | BC10: =SUM(G10:H10)+O10+P10 -> 46 | BD10: =SUM(I10:J10)+Q10+R10+AC10+AD10 -> 6 | BG10: =SUM(T10:V10)+AE10+AG10 -> 141 | BH10: =W10+AF10 -> 4 | BI10: =X10+Z10+AI10 -> 38 | BJ10: =Y10 -> 0
A11: =A10+1 -> 46241 | B11: 0 | C11: 115 | D11: 22 | E11: 13 | F11: 19 | G11: 1 | H11: 1 | I11: 1 | J11: 0 | K11: 8 | L11: 7 | M11: 36 | N11: 20 | O11: 9 | P11: 5 | Q11: 0 | R11: 0 | T11: 462 | U11: 43 | W11: 2 | X11: 0 | Y11: 0 | Z11: 14 | AA11: 0 | AC11: 0 | AD11: 0 | AE11: 0 | AG11: 0 | AH11: 0 | AI11: 0 | AJ11: =SUM(B11:AI11) -> 778 | AL11: =SUM(E11:H11)+SUM(I11:J11)*2+SUM(K11:L11)*2+SUM(M11:N11)*3+AH11+SUM(AA11:AD11) -> 234 | AM11: =SUM(E11:J11)+SUM(O11:R11)*3 -> 77 | AN11: =B11+SUM(C11:D11)*2+SUM(K11:N11)*2+SUM(O11:R11) -> 430 | AO11: 0 | AP11: 19 | AQ11: 0 | AR11: =SUM(AA11:AB11)+AH11 -> 0 | AT11: =AJ11-AU11-AW11-AV11 -> 227 | AU11: 537 | AV11: =AH11 -> 0 | AW11: =Z11 -> 14 | BA11: =SUM(B11:D11)+K11+L11+AA11 -> 152 | BB11: =SUM(E11:F11)+SUM(M11:N11)+AB11+AH11+S11 -> 88 | BC11: =SUM(G11:H11)+O11+P11 -> 16 | BD11: =SUM(I11:J11)+Q11+R11+AC11+AD11 -> 1 | BG11: =SUM(T11:V11)+AE11+AG11 -> 505 | BH11: =W11+AF11 -> 2 | BI11: =X11+Z11+AI11 -> 14 | BJ11: =Y11 -> 0
A12: =A11+1 -> 46242 | B12: 0 | C12: 38 | D12: 5 | E12: 13 | F12: 12 | G12: 2 | H12: 0 | I12: 0 | J12: 0 | K12: 12 | L12: 5 | M12: 115 | N12: 34 | O12: 3 | P12: 1 | Q12: 0 | R12: 0 | T12: 134 | U12: 20 | W12: 0 | X12: 0 | Y12: 0 | Z12: 7 | AA12: 0 | AC12: 0 | AD12: 0 | AE12: 0 | AG12: 0 | AH12: 0 | AI12: 0 | AJ12: =SUM(B12:AI12) -> 401 | AL12: =SUM(E12:H12)+SUM(I12:J12)*2+SUM(K12:L12)*2+SUM(M12:N12)*3+AH12+SUM(AA12:AD12) -> 508 | AM12: =SUM(E12:J12)+SUM(O12:R12)*3 -> 39 | AN12: =B12+SUM(C12:D12)*2+SUM(K12:N12)*2+SUM(O12:R12) -> 422 | AO12: 0 | AP12: 8 | AQ12: 0 | AR12: =SUM(AA12:AB12)+AH12 -> 0 | AT12: =AJ12-AU12-AW12-AV12 -> 188 | AU12: 206 | AV12: =AH12 -> 0 | AW12: =Z12 -> 7 | BA12: =SUM(B12:D12)+K12+L12+AA12 -> 60 | BB12: =SUM(E12:F12)+SUM(M12:N12)+AB12+AH12+S12 -> 174 | BC12: =SUM(G12:H12)+O12+P12 -> 6 | BD12: =SUM(I12:J12)+Q12+R12+AC12+AD12 -> 0 | BG12: =SUM(T12:V12)+AE12+AG12 -> 154 | BH12: =W12+AF12 -> 0 | BI12: =X12+Z12+AI12 -> 7 | BJ12: =Y12 -> 0
A13: =A12+1 -> 46243 | B13: 0 | C13: 89 | D13: 1 | E13: 29 | F13: 3 | G13: 9 | H13: 2 | I13: 0 | J13: 0 | K13: 2 | L13: 3 | M13: 21 | N13: 95 | O13: 9 | P13: 25 | Q13: 1 | R13: 0 | T13: 86 | U13: 12 | W13: 0 | X13: 0 | Y13: 0 | Z13: 6 | AA13: 0 | AC13: 0 | AD13: 0 | AE13: 0 | AG13: 0 | AH13: 0 | AI13: 0 | AJ13: =SUM(B13:AI13) -> 393 | AL13: =SUM(E13:H13)+SUM(I13:J13)*2+SUM(K13:L13)*2+SUM(M13:N13)*3+AH13+SUM(AA13:AD13) -> 401 | AM13: =SUM(E13:J13)+SUM(O13:R13)*3 -> 148 | AN13: =B13+SUM(C13:D13)*2+SUM(K13:N13)*2+SUM(O13:R13) -> 457 | AO13: 0 | AP13: 23 | AQ13: 0 | AR13: =SUM(AA13:AB13)+AH13 -> 0 | AT13: =AJ13-AU13-AW13-AV13 -> 229 | AU13: 158 | AV13: =AH13 -> 0 | AW13: =Z13 -> 6 | BA13: =SUM(B13:D13)+K13+L13+AA13 -> 95 | BB13: =SUM(E13:F13)+SUM(M13:N13)+AB13+AH13+S13 -> 148 | BC13: =SUM(G13:H13)+O13+P13 -> 45 | BD13: =SUM(I13:J13)+Q13+R13+AC13+AD13 -> 1 | BG13: =SUM(T13:W13)+AE13+AG13 -> 98 | BH13: =X13+AF13 -> 0 | BI13: =Y13+Z13+AI13 -> 6 | BJ13: =Y13 -> 0
A14: =A13+1 -> 46244 | B14: 0 | C14: 867 | D14: 46 | E14: 30 | F14: 16 | G14: 12 | H14: 0 | I14: 0 | J14: 0 | K14: 8 | L14: 23 | M14: 54 | N14: 67 | O14: 30 | P14: 14 | Q14: 2 | R14: 0 | T14: 47 | U14: 15 | W14: 7 | X14: 0 | Y14: 0 | Z14: 10 | AA14: 0 | AC14: 0 | AD14: 0 | AE14: 0 | AG14: 0 | AH14: 0 | AI14: 0 | AJ14: =SUM(B14:AI14) -> 1248 | AL14: =SUM(E14:H14)+SUM(I14:J14)*2+SUM(K14:L14)*2+SUM(M14:N14)*3+AH14+SUM(AA14:AD14) -> 483 | AM14: =SUM(E14:J14)+SUM(O14:R14)*3 -> 196 | AN14: =B14+SUM(C14:D14)*2+SUM(K14:N14)*2+SUM(O14:R14) -> 2176 | AO14: 0 | AP14: 43 | AQ14: 0 | AR14: =SUM(AA14:AB14)+AH14 -> 0 | AT14: =AJ14-AU14-AW14-AV14 -> 436 | AU14: 802 | AV14: =AH14 -> 0 | AW14: =Z14 -> 10 | BA14: =SUM(B14:D14)+K14+L14+AA14 -> 944 | BB14: =SUM(E14:F14)+SUM(M14:N14)+AB14+AH14+S14 -> 167 | BC14: =SUM(G14:H14)+O14+P14 -> 56 | BD14: =SUM(I14:J14)+Q14+R14+AC14+AD14 -> 2 | BG14: =SUM(T14:V14)+AE14+AG14 -> 62 | BH14: =W14+AF14 -> 7 | BI14: =X14+Z14+AI14 -> 10 | BJ14: =Y14 -> 0
A15: =A14+1 -> 46245 | B15: 0 | C15: 394 | D15: 19 | E15: 19 | F15: 23 | G15: 6 | H15: 3 | I15: 0 | J15: 0 | K15: 5 | L15: 10 | M15: 57 | N15: 49 | O15: 10 | P15: 12 | Q15: 3 | R15: 2 | T15: 52 | U15: 12 | W15: 1 | X15: 0 | Y15: 0 | Z15: 15 | AA15: 0 | AC15: 0 | AD15: 0 | AE15: 0 | AG15: 0 | AH15: 0 | AI15: 0 | AJ15: =SUM(B15:AI15) -> 692 | AL15: =SUM(E15:H15)+SUM(I15:J15)*2+SUM(K15:L15)*2+SUM(M15:N15)*3+AH15+SUM(AA15:AD15) -> 399 | AM15: =SUM(E15:J15)+SUM(O15:R15)*3 -> 132 | AN15: =B15+SUM(C15:D15)*2+SUM(K15:N15)*2+SUM(O15:R15) -> 1095 | AO15: 0 | AP15: 42 | AQ15: 0 | AR15: =SUM(AA15:AB15)+AH15 -> 0 | AT15: =AJ15-AU15-AW15-AV15 -> 358 | AU15: 319 | AV15: =AH15 -> 0 | AW15: =Z15 -> 15 | BA15: =SUM(B15:D15)+K15+L15+AA15 -> 428 | BB15: =SUM(E15:F15)+SUM(M15:N15)+AB15+AH15+S15 -> 148 | BC15: =SUM(G15:H15)+O15+P15 -> 31 | BD15: =SUM(I15:J15)+Q15+R15+AC15+AD15 -> 5 | BG15: =SUM(T15:V15)+AE15+AG15 -> 64 | BH15: =W15+AF15 -> 1 | BI15: =X15+Z15+AI15 -> 15 | BJ15: =Y15 -> 0
A16: =A15+1 -> 46246 | B16: 0 | C16: 1920 | D16: 92 | E16: 14 | F16: 23 | G16: 3 | H16: 2 | I16: 0 | J16: 0 | K16: 10 | L16: 25 | M16: 45 | N16: 52 | O16: 35 | P16: 11 | Q16: 5 | R16: 2 | T16: 39 | U16: 19 | V16: 0 | W16: 2 | X16: 0 | Y16: 0 | Z16: 5 | AC16: 0 | AD16: 0 | AE16: 0 | AG16: 0 | AH16: 0 | AI16: 0 | AJ16: =SUM(B16:AI16) -> 2304 | AL16: =SUM(K16:L16)*2+SUM(M16:N16)*3+AH16+SUM(AA16:AD16) -> 361 | AM16: =SUM(E16:J16)+SUM(O16:R16)*3 -> 201 | AN16: =SUM(C16:D16)*3+SUM(E16:H16)*2+SUM(I16:J16)*3+SUM(K16:N16)*2+SUM(O16:R16) -> 6437 | AO16: 0 | AP16: 34 | AQ16: 0 | AR16: =SUM(AA16:AB16)+AH16 -> 0 | AT16: =AJ16-AU16-AW16-AV16 -> 425 | AU16: 1874 | AV16: =AH16 -> 0 | AW16: =Z16 -> 5 | BA16: =SUM(B16:D16)+K16+L16+AA16 -> 2047 | BB16: =SUM(E16:F16)+SUM(M16:N16)+AB16+AH16+S16 -> 134 | BC16: =SUM(G16:H16)+O16+P16 -> 51 | BD16: =SUM(I16:J16)+Q16+R16+AC16+AD16 -> 7 | BG16: =SUM(T16:V16)+AE16+AG16 -> 58 | BH16: =W16+AF16 -> 2 | BI16: =X16+Z16+AI16 -> 5 | BJ16: =Y16 -> 0
A17: =A16+1 -> 46247 | AJ17: =SUM(B17:AI17) -> 0 | AL17: =SUM(K17:L17)*2+SUM(M17:N17)*3+AH17+SUM(AA17:AD17) -> 0 | AM17: =SUM(E17:J17)+SUM(O17:R17)*3 -> 0 | AN17: =SUM(C17:D17)*3+SUM(E17:H17)*2+SUM(I17:J17)*3+SUM(K17:N17)*2+SUM(O17:R17) -> 0 | AO17: 0 | AP17: 0 | AQ17: 0 | AR17: =SUM(AA17:AB17)+AH17 -> 0 | AT17: =AJ17-AU17-AW17-AV17 -> 0 | AU17: 0 | AV17: =AH17 -> 0 | AW17: =Z17 -> 0 | BA17: =SUM(B17:D17)+K17+L17+AA17 -> 0 | BB17: =SUM(E17:F17)+SUM(M17:N17)+AB17+AH17+S17 -> 0 | BC17: =SUM(G17:H17)+O17+P17 -> 0 | BD17: =SUM(I17:J17)+Q17+R17+AC17+AD17 -> 0 | BG17: =SUM(T17:V17)+AE17+AG17 -> 0 | BH17: =W17+AF17 -> 0 | BI17: =X17+Z17+AI17 -> 0 | BJ17: =Y17 -> 0
A18: =A17+1 -> 46248 | AJ18: =SUM(B18:AI18) -> 0 | AL18: =SUM(K18:L18)*2+SUM(M18:N18)*3+AH18+SUM(AA18:AD18) -> 0 | AM18: =SUM(E18:J18)+SUM(O18:R18)*3 -> 0 | AN18: =SUM(C18:D18)*3+SUM(E18:H18)*2+SUM(I18:J18)*3+SUM(K18:N18)*2+SUM(O18:R18) -> 0 | AO18: 0 | AP18: 0 | AQ18: 0 | AR18: =SUM(AA18:AB18)+AH18 -> 0 | AT18: =AJ18-AU18-AW18-AV18 -> 0 | AU18: 0 | AV18: =AH18 -> 0 | AW18: =Z18 -> 0 | BA18: =SUM(B18:D18)+K18+L18+AA18 -> 0 | BB18: =SUM(E18:F18)+SUM(M18:N18)+AB18+AH18+S18 -> 0 | BC18: =SUM(G18:H18)+O18+P18 -> 0 | BD18: =SUM(I18:J18)+Q18+R18+AC18+AD18 -> 0 | BG18: =SUM(T18:V18)+AE18+AG18 -> 0 | BH18: =W18+AF18 -> 0 | BI18: =X18+Z18+AI18 -> 0 | BJ18: =Y18 -> 0
A19: =A18+1 -> 46249 | B19: 0 | C19: 2158 | D19: 104 | E19: 13 | F19: 44 | G19: 1 | H19: 0 | I19: 0 | J19: 0 | K19: 20 | L19: 51 | M19: 141 | N19: 45 | O19: 11 | P19: 4 | Q19: 1 | R19: 1 | T19: 47 | U19: 15 | W19: 1 | X19: 0 | Y19: 0 | Z19: 21 | AA19: 0 | AC19: 0 | AD19: 0 | AE19: 0 | AG19: 0 | AH19: 0 | AI19: 0 | AJ19: =SUM(B19:AI19) -> 2678 | AL19: =SUM(K19:L19)*2+SUM(M19:N19)*3+AH19+SUM(AA19:AD19) -> 700 | AM19: =SUM(E19:J19)+SUM(O19:R19)*3 -> 109 | AN19: =SUM(C19:D19)*3+SUM(E19:H19)*2+SUM(I19:J19)*3+SUM(K19:N19)*2+SUM(O19:R19) -> 7433 | AO19: 0 | AP19: 54 | AQ19: 0 | AR19: =SUM(AA19:AB19)+AH19 -> 0 | AT19: =AJ19-AU19-AW19-AV19 -> 459 | AU19: 2198 | AV19: =AH19 -> 0 | AW19: =Z19 -> 21 | BA19: =SUM(B19:D19)+K19+L19+AA19 -> 2333 | BB19: =SUM(E19:F19)+SUM(M19:N19)+AB19+AH19+S19 -> 243 | BC19: =SUM(G19:H19)+O19+P19 -> 16 | BD19: =SUM(I19:J19)+Q19+R19+AC19+AD19 -> 2 | BG19: =SUM(T19:V19)+AE19+AG19 -> 62 | BH19: =W19+AF19 -> 1 | BI19: =X19+Z19+AI19 -> 21 | BJ19: =Y19 -> 0
A20: =A19+1 -> 46250 | B20: 0 | C20: 61 | D20: 36 | E20: 20 | F20: 7 | G20: 0 | H20: 0 | I20: 0 | J20: 0 | K20: 0 | L20: 1 | M20: 18 | N20: 26 | O20: 8 | P20: 4 | Q20: 0 | R20: 0 | T20: 21 | U20: 4 | W20: 1 | X20: 0 | Y20: 0 | Z20: 1 | AA20: 0 | AC20: 0 | AD20: 0 | AE20: 0 | AG20: 0 | AH20: 0 | AI20: 0 | AJ20: =SUM(B20:AI20) -> 208 | AL20: =SUM(K20:L20)*2+SUM(M20:N20)*3+AH20+SUM(AA20:AD20) -> 134 | AM20: =SUM(E20:J20)+SUM(O20:R20)*3 -> 63 | AN20: =SUM(C20:D20)*3+SUM(E20:H20)*2+SUM(I20:J20)*3+SUM(K20:N20)*2+SUM(O20:R20) -> 447 | AO20: 0 | AP20: 10 | AQ20: 0 | AR20: =SUM(AA20:AB20)+AH20 -> 0 | AT20: =AJ20-AU20-AW20-AV20 -> 164 | AU20: 43 | AV20: =AH20 -> 0 | AW20: =Z20 -> 1 | BA20: =SUM(B20:D20)+K20+L20+AA20 -> 98 | BB20: =SUM(E20:F20)+SUM(M20:N20)+AB20+AH20+S20 -> 71 | BC20: =SUM(G20:H20)+O20+P20 -> 12 | BD20: =SUM(I20:J20)+Q20+R20+AC20+AD20 -> 0 | BG20: =SUM(T20:V20)+AE20+AG20 -> 25 | BH20: =W20+AF20 -> 1 | BI20: =X20+Z20+AI20 -> 1 | BJ20: =Y20 -> 0
A21: =A20+1 -> 46251 | B21: 0 | C21: 395 | D21: 113 | E21: 12 | F21: 23 | G21: 3 | H21: 2 | I21: 0 | J21: 0 | K21: 6 | L21: 26 | M21: 68 | N21: 35 | O21: 13 | P21: 3 | Q21: 1 | R21: 1 | T21: 253 | U21: 32 | W21: 2 | X21: 0 | Y21: 0 | Z21: 23 | AA21: 0 | AC21: 0 | AD21: 0 | AE21: 0 | AG21: 0 | AH21: 0 | AI21: 0 | AJ21: =SUM(B21:AI21) -> 1011 | AL21: =SUM(K21:L21)*2+SUM(M21:N21)*3+AH21+SUM(AA21:AD21) -> 373 | AM21: =SUM(E21:J21)+SUM(O21:R21)*3 -> 94 | AN21: =SUM(C21:D21)*3+SUM(E21:H21)*2+SUM(I21:J21)*3+SUM(K21:N21)*2+SUM(O21:R21) -> 1892 | AO21: 0 | AP21: 40 | AQ21: 0 | AR21: =SUM(AA21:AB21)+AH21 -> 0 | AT21: =AJ21-AU21-AW21-AV21 -> 366 | AU21: 622 | AV21: =AH21 -> 0 | AW21: =Z21 -> 23 | BA21: =SUM(B21:D21)+K21+L21+AA21 -> 540 | BB21: =SUM(E21:F21)+SUM(M21:N21)+AB21+AH21+S21 -> 138 | BC21: =SUM(G21:H21)+O21+P21 -> 21 | BD21: =SUM(I21:J21)+Q21+R21+AC21+AD21 -> 2 | BG21: =SUM(T21:V21)+AE21+AG21 -> 285 | BH21: =W21+AF21 -> 2 | BI21: =X21+Z21+AI21 -> 23 | BJ21: =Y21 -> 0
A22: =A21+1 -> 46252 | B22: 0 | C22: 77 | D22: 66 | E22: 5 | F22: 11 | G22: 2 | H22: 0 | I22: 1 | J22: 0 | K22: 1 | L22: 12 | M22: 30 | N22: 17 | O22: 10 | P22: 5 | Q22: 0 | R22: 0 | T22: 91 | U22: 16 | W22: 2 | X22: 0 | Y22: 0 | Z22: 8 | AA22: 0 | AC22: 0 | AD22: 0 | AE22: 0 | AG22: 0 | AH22: 0 | AI22: 0 | AJ22: =SUM(B22:AI22) -> 354 | AL22: =SUM(K22:L22)*2+SUM(M22:N22)*3+AH22+SUM(AA22:AD22) -> 167 | AM22: =SUM(E22:J22)+SUM(O22:R22)*3 -> 64 | AN22: =SUM(C22:D22)*3+SUM(E22:H22)*2+SUM(I22:J22)*3+SUM(K22:N22)*2+SUM(O22:R22) -> 603 | AO22: 0 | AP22: 29 | AQ22: 0 | AR22: =SUM(AA22:AB22)+AH22 -> 0 | AT22: =AJ22-AU22-AW22-AV22 -> 220 | AU22: 126 | AV22: =AH22 -> 0 | AW22: =Z22 -> 8 | BA22: =SUM(B22:D22)+K22+L22+AA22 -> 156 | BB22: =SUM(E22:F22)+SUM(M22:N22)+AB22+AH22+S22 -> 63 | BC22: =SUM(G22:H22)+O22+P22 -> 17 | BD22: =SUM(I22:J22)+Q22+R22+AC22+AD22 -> 1 | BG22: =SUM(T22:V22)+AE22+AG22 -> 107 | BH22: =W22+AF22 -> 2 | BI22: =X22+Z22+AI22 -> 8 | BJ22: =Y22 -> 0
A23: =A22+1 -> 46253 | B23: 0 | C23: 287 | D23: 97 | E23: 10 | F23: 15 | G23: 0 | H23: 1 | I23: 0 | J23: 0 | K23: 0 | L23: 11 | M23: 50 | N23: 55 | O23: 10 | P23: 5 | Q23: 2 | R23: 0 | T23: 42 | U23: 8 | W23: 1 | X23: 0 | Y23: 0 | Z23: 16 | AA23: 0 | AC23: 0 | AD23: 0 | AE23: 0 | AG23: 0 | AH23: 0 | AI23: 0 | AJ23: =SUM(B23:AI23) -> 610 | AL23: =SUM(K23:L23)*2+SUM(M23:N23)*3+AH23+SUM(AA23:AD23) -> 337 | AM23: =SUM(E23:J23)+SUM(O23:R23)*3 -> 77 | AN23: =SUM(C23:D23)*3+SUM(E23:H23)*2+SUM(I23:J23)*3+SUM(K23:N23)*2+SUM(O23:R23) -> 1453 | AO23: 0 | AP23: 42 | AQ23: 0 | AR23: =SUM(AA23:AB23)+AH23 -> 0 | AT23: =AJ23-AU23-AW23-AV23 -> 293 | AU23: 301 | AV23: =AH23 -> 0 | AW23: =Z23 -> 16 | BA23: =SUM(B23:D23)+K23+L23+AA23 -> 395 | BB23: =SUM(E23:F23)+SUM(M23:N23)+AB23+AH23+S23 -> 130 | BC23: =SUM(G23:H23)+O23+P23 -> 16 | BD23: =SUM(I23:J23)+Q23+R23+AC23+AD23 -> 2 | BG23: =SUM(T23:V23)+AE23+AG23 -> 50 | BH23: =W23+AF23 -> 1 | BI23: =X23+Z23+AI23 -> 16 | BJ23: =Y23 -> 0
A24: =A23+1 -> 46254 | B24: 0 | C24: 897 | D24: 88 | E24: 27 | F24: 24 | G24: 8 | H24: 1 | I24: 1 | J24: 0 | K24: 1 | L24: 5 | M24: 157 | N24: 160 | O24: 15 | P24: 6 | Q24: 1 | R24: 1 | T24: 29 | U24: 6 | W24: 0 | X24: 0 | Y24: 0 | Z24: 6 | AA24: 0 | AC24: 0 | AD24: 0 | AE24: 0 | AG24: 0 | AH24: 0 | AI24: 0 | AJ24: =SUM(B24:AI24) -> 1433 | AL24: =SUM(K24:L24)*2+SUM(M24:N24)*3+AH24+SUM(AA24:AD24) -> 963 | AM24: =SUM(E24:J24)+SUM(O24:R24)*3 -> 130 | AN24: =SUM(C24:D24)*3+SUM(E24:H24)*2+SUM(I24:J24)*3+SUM(K24:N24)*2+SUM(O24:R24) -> 3747 | AO24: 0 | AP24: 14 | AQ24: 0 | AR24: =SUM(AA24:AB24)+AH24 -> 0 | AT24: =AJ24-AU24-AW24-AV24 -> 288 | AU24: 1139 | AV24: =AH24 -> 0 | AW24: =Z24 -> 6 | BA24: =SUM(B24:D24)+K24+L24+AA24 -> 991 | BB24: =SUM(E24:F24)+SUM(M24:N24)+AB24+AH24+S24 -> 368 | BC24: =SUM(G24:H24)+O24+P24 -> 30 | BD24: =SUM(I24:J24)+Q24+R24+AC24+AD24 -> 3 | BG24: =SUM(T24:V24)+AE24+AG24 -> 35 | BH24: =W24+AF24 -> 0 | BI24: =X24+Z24+AI24 -> 6 | BJ24: =Y24 -> 0
A25: =A24+1 -> 46255 | B25: 0 | C25: 67 | D25: 22 | E25: 12 | F25: 8 | G25: 17 | H25: 0 | I25: 0 | J25: 0 | K25: 1 | L25: 5 | M25: 54 | N25: 41 | O25: 4 | P25: 8 | Q25: 3 | R25: 0 | T25: 28 | U25: 6 | W25: 2 | X25: 0 | Y25: 0 | Z25: 9 | AA25: 0 | AC25: 0 | AD25: 0 | AE25: 0 | AG25: 0 | AH25: 0 | AI25: 0 | AJ25: =SUM(B25:AI25) -> 287 | AL25: =SUM(K25:L25)*2+SUM(M25:N25)*3+AH25+SUM(AA25:AD25) -> 297 | AM25: =SUM(E25:J25)+SUM(O25:R25)*3 -> 82 | AN25: =SUM(C25:D25)*3+SUM(E25:H25)*2+SUM(I25:J25)*3+SUM(K25:N25)*2+SUM(O25:R25) -> 558 | AO25: 0 | AP25: 30 | AQ25: 0 | AR25: =SUM(AA25:AB25)+AH25 -> 0 | AT25: =AJ25-AU25-AW25-AV25 -> 240 | AU25: 38 | AV25: =AH25 -> 0 | AW25: =Z25 -> 9 | BA25: =SUM(B25:D25)+K25+L25+AA25 -> 95 | BB25: =SUM(E25:F25)+SUM(M25:N25)+AB25+AH25+S25 -> 115 | BC25: =SUM(G25:H25)+O25+P25 -> 29 | BD25: =SUM(I25:J25)+Q25+R25+AC25+AD25 -> 3 | BG25: =SUM(T25:V25)+AE25+AG25 -> 34 | BH25: =W25+AF25 -> 2 | BI25: =X25+Z25+AI25 -> 9 | BJ25: =Y25 -> 0
A26: =A25+1 -> 46256 | B26: 0 | C26: 18 | D26: 21 | E26: 2 | F26: 10 | G26: 0 | H26: 0 | I26: 0 | J26: 0 | K26: 1 | L26: 5 | M26: 38 | N26: 8 | O26: 4 | P26: 2 | Q26: 0 | R26: 0 | T26: 23 | U26: 1 | W26: 0 | X26: 0 | Y26: 0 | Z26: 6 | AA26: 0 | AC26: 0 | AD26: 0 | AE26: 0 | AG26: 0 | AH26: 0 | AI26: 0 | AJ26: =SUM(B26:AI26) -> 139 | AL26: =SUM(K26:L26)*2+SUM(M26:N26)*3+AH26+SUM(AA26:AD26) -> 150 | AM26: =SUM(E26:J26)+SUM(O26:R26)*3 -> 30 | AN26: =SUM(C26:D26)*3+SUM(E26:H26)*2+SUM(I26:J26)*3+SUM(K26:N26)*2+SUM(O26:R26) -> 251 | AO26: 0 | AP26: 27 | AQ26: 0 | AR26: =SUM(AA26:AB26)+AH26 -> 0 | AT26: =AJ26-AU26-AW26-AV26 -> 111 | AU26: 22 | AV26: =AH26 -> 0 | AW26: =Z26 -> 6 | BA26: =SUM(B26:D26)+K26+L26+AA26 -> 45 | BB26: =SUM(E26:F26)+SUM(M26:N26)+AB26+AH26+S26 -> 58 | BC26: =SUM(G26:H26)+O26+P26 -> 6 | BD26: =SUM(I26:J26)+Q26+R26+AC26+AD26 -> 0 | BG26: =SUM(T26:V26)+AE26+AG26 -> 24 | BH26: =W26+AF26 -> 0 | BI26: =X26+Z26+AI26 -> 6 | BJ26: =Y26 -> 0
A27: =A26+1 -> 46257 | B27: 0 | C27: 45 | D27: 36 | E27: 14 | F27: 6 | G27: 2 | H27: 0 | I27: 0 | J27: 0 | K27: 0 | L27: 5 | M27: 18 | N27: 28 | O27: 3 | P27: 4 | Q27: 1 | R27: 0 | T27: 26 | U27: 7 | W27: 3 | X27: 0 | Y27: 0 | Z27: 11 | AA27: 0 | AC27: 0 | AD27: 0 | AE27: 0 | AG27: 0 | AH27: 0 | AI27: 0 | AJ27: =SUM(B27:AI27) -> 209 | AL27: =SUM(K27:L27)*2+SUM(M27:N27)*3+AH27+SUM(AA27:AD27) -> 148 | AM27: =SUM(E27:J27)+SUM(O27:R27)*3 -> 46 | AN27: =SUM(C27:D27)*3+SUM(E27:H27)*2+SUM(I27:J27)*3+SUM(K27:N27)*2+SUM(O27:R27) -> 397 | AO27: 0 | AP27: 13 | AQ27: 0 | AR27: =SUM(AA27:AB27)+AH27 -> 0 | AT27: =AJ27-AU27-AW27-AV27 -> 198 | AU27: 0 | AV27: =AH27 -> 0 | AW27: =Z27 -> 11 | BA27: =SUM(B27:D27)+K27+L27+AA27 -> 86 | BB27: =SUM(E27:F27)+SUM(M27:N27)+AB27+AH27+S27 -> 66 | BC27: =SUM(G27:H27)+O27+P27 -> 9 | BD27: =SUM(I27:J27)+Q27+R27+AC27+AD27 -> 1 | BG27: =SUM(T27:V27)+AE27+AG27 -> 33 | BH27: =W27+AF27 -> 3 | BI27: =X27+Z27+AI27 -> 11 | BJ27: =Y27 -> 0
A28: =A27+1 -> 46258 | B28: 0 | C28: 170 | D28: 100 | E28: 16 | F28: 12 | G28: 0 | H28: 0 | I28: 0 | J28: 0 | K28: 2 | L28: 27 | M28: 7 | N28: 35 | O28: 12 | P28: 12 | Q28: 0 | R28: 0 | T28: 37 | U28: 11 | W28: 1 | X28: 0 | Y28: 0 | Z28: 14 | AA28: 0 | AC28: 0 | AD28: 0 | AE28: 0 | AG28: 0 | AH28: 0 | AI28: 0 | AJ28: =SUM(B28:AI28) -> 456 | AL28: =SUM(K28:L28)*2+SUM(M28:N28)*3+AH28+SUM(AA28:AD28) -> 184 | AM28: =SUM(E28:J28)+SUM(O28:R28)*3 -> 100 | AN28: =SUM(C28:D28)*3+SUM(E28:H28)*2+SUM(I28:J28)*3+SUM(K28:N28)*2+SUM(O28:R28) -> 1032 | AO28: 0 | AP28: 35 | AQ28: 0 | AR28: =SUM(AA28:AB28)+AH28 -> 0 | AT28: =AJ28-AU28-AW28-AV28 -> 287 | AU28: 155 | AV28: =AH28 -> 0 | AW28: =Z28 -> 14 | BA28: =SUM(B28:D28)+K28+L28+AA28 -> 299 | BB28: =SUM(E28:F28)+SUM(M28:N28)+AB28+AH28+S28 -> 70 | BC28: =SUM(G28:H28)+O28+P28 -> 24 | BD28: =SUM(I28:J28)+Q28+R28+AC28+AD28 -> 0 | BG28: =SUM(T28:V28)+AE28+AG28 -> 48 | BH28: =W28+AF28 -> 1 | BI28: =X28+Z28+AI28 -> 14 | BJ28: =Y28 -> 0
A29: =A28+1 -> 46259 | B29: 0 | C29: 593 | D29: 130 | E29: 42 | F29: 20 | G29: 1 | H29: 4 | I29: 0 | J29: 0 | K29: 31 | L29: 21 | M29: 61 | N29: 47 | O29: 16 | P29: 3 | Q29: 2 | R29: 0 | T29: 30 | U29: 8 | W29: 2 | X29: 0 | Y29: 0 | Z29: 17 | AA29: 0 | AC29: 0 | AD29: 0 | AE29: 1 | AG29: 0 | AH29: 0 | AI29: 0 | AJ29: =SUM(B29:AI29) -> 1029 | AL29: =SUM(K29:L29)*2+SUM(M29:N29)*3+AH29+SUM(AA29:AD29) -> 428 | AM29: =SUM(E29:J29)+SUM(O29:R29)*3 -> 130 | AN29: =SUM(C29:D29)*3+SUM(E29:H29)*2+SUM(I29:J29)*3+SUM(K29:N29)*2+SUM(O29:R29) -> 2644 | AO29: 0 | AP29: 42 | AQ29: 0 | AR29: =SUM(AA29:AB29)+AH29 -> 0 | AT29: =AJ29-AU29-AW29-AV29 -> 375 | AU29: 637 | AV29: =AH29 -> 0 | AW29: =Z29 -> 17 | BA29: =SUM(B29:D29)+K29+L29+AA29 -> 775 | BB29: =SUM(E29:F29)+SUM(M29:N29)+AB29+AH29+S29 -> 170 | BC29: =SUM(G29:H29)+O29+P29 -> 24 | BD29: =SUM(I29:J29)+Q29+R29+AC29+AD29 -> 2 | BG29: =SUM(T29:V29)+AE29+AG29 -> 39 | BH29: =W29+AF29 -> 2 | BI29: =X29+Z29+AI29 -> 17 | BJ29: =Y29 -> 0
A30: =A29+1 -> 46260 | B30: 0 | C30: 54 | D30: 90 | E30: 11 | F30: 14 | G30: 5 | H30: 1 | I30: 0 | J30: 0 | K30: 2 | L30: 24 | M30: 14 | N30: 27 | O30: 7 | P30: 5 | Q30: 0 | R30: 0 | T30: 27 | U30: 3 | W30: 0 | X30: 0 | Y30: 0 | Z30: 7 | AA30: 0 | AC30: 0 | AD30: 0 | AE30: 7 | AG30: 0 | AH30: 0 | AI30: 0 | AJ30: =SUM(B30:AI30) -> 298 | AL30: =SUM(K30:L30)*2+SUM(M30:N30)*3+AH30+SUM(AA30:AD30) -> 175 | AM30: =SUM(E30:J30)+SUM(O30:R30)*3 -> 67 | AN30: =SUM(C30:D30)*3+SUM(E30:H30)*2+SUM(I30:J30)*3+SUM(K30:N30)*2+SUM(O30:R30) -> 640 | AO30: 0 | AP30: 27 | AQ30: 0 | AR30: =SUM(AA30:AB30)+AH30 -> 0 | AT30: =AJ30-AU30-AW30-AV30 -> 231 | AU30: 60 | AV30: =AH30 -> 0 | AW30: =Z30 -> 7 | BA30: =SUM(B30:D30)+K30+L30+AA30 -> 170 | BB30: =SUM(E30:F30)+SUM(M30:N30)+AB30+AH30+S30 -> 66 | BC30: =SUM(G30:H30)+O30+P30 -> 18 | BD30: =SUM(I30:J30)+Q30+R30+AC30+AD30 -> 0 | BG30: =SUM(T30:V30)+AE30+AG30 -> 37 | BH30: =W30+AF30 -> 0 | BI30: =X30+Z30+AI30 -> 7 | BJ30: =Y30 -> 0
... A35: =A34+1 -> 46265 | B35: 0 | C35: 84 | D35: 107 | E35: 86 | F35: 18 | G35: 4 | H35: 2 | I35: 0 | J35: 0 | K35: 9 | L35: 26 | M35: 41 | N35: 38 | O35: 11 | P35: 13 | Q35: 0 | R35: 0 | T35: 52 | U35: 7 | W35: 2 | X35: 0 | Y35: 0 | Z35: 19 | AA35: 0 | AC35: 0 | AD35: 0 | AE35: 2 | AG35: 0 | AH35: 0 | AI35: 0 | AJ35: =SUM(B35:AI35) -> 521 | AL35: =SUM(K35:L35)*2+SUM(M35:N35)*3+AH35+SUM(AA35:AD35) -> 307 | AM35: =SUM(E35:J35)+SUM(O35:R35)*3 -> 182 | AN35: =SUM(C35:D35)*3+SUM(E35:H35)*2+SUM(I35:J35)*3+SUM(K35:N35)*2+SUM(O35:R35) -> 1045 | AO35: 0 | AP35: 67 | AQ35: 0 | AR35: =SUM(AA35:AB35)+AH35 -> 0 | AT35: =AJ35-AU35-AW35-AV35 -> 351 | AU35: 151 | AV35: =AH35 -> 0 | AW35: =Z35 -> 19 | BA35: =SUM(B35:D35)+K35+L35+AA35 -> 226 | BB35: =SUM(E35:F35)+SUM(M35:N35)+AB35+AH35+S35 -> 183 | BC35: =SUM(G35:H35)+O35+P35 -> 30 | BD35: =SUM(I35:J35)+Q35+R35+AC35+AD35 -> 0 | BG35: =SUM(T35:V35)+AE35+AG35 -> 61 | BH35: =W35+AF35 -> 2 | BI35: =X35+Z35+AI35 -> 19 | BJ35: =Y35 -> 0
A36: 합 계 | B36: =SUM(B5:B35) -> 0 | C36: =SUM(C5:C35) -> 11087 | D36: =SUM(D5:D35) -> 1538 | E36: =SUM(E5:E35) -> 550 | F36: =SUM(F5:F35) -> 499 | G36: =SUM(G5:G35) -> 136 | H36: =SUM(H5:H35) -> 31 | I36: =SUM(I5:I35) -> 5 | ... R36: =SUM(R5:R35) -> 13 | T36: =SUM(T5:T35) -> 2189 | U36: =SUM(U5:U35) -> 375 | V36: =SUM(V5:V35) -> 0 | W36: =SUM(W5:W35) -> 48 | X36: =SUM(X5:X35) -> 0 | Y36: =SUM(Y5:Y35) -> 0 | Z36: =SUM(Z5:Z35) -> 358 | AA36: =SUM(AA5:AA35) -> 0 | ... AJ36: =SUM(AJ5:AJ35) -> 21234 | AL36: =SUM(AL5:AL35) -> 10946 | AM36: =SUM(AM5:AM35) -> 3012 | AN36: =SUM(AN5:AN35) -> 44051 | AO36: =SUM(AO5:AO35) -> 0 | AP36: =SUM(AP5:AP35) -> 865 | AQ36: =SUM(AQ5:AQ35) -> 0 | AR36: =SUM(AR5:AR35) -> 0 | AT36: =SUM(AT5:AT35) -> 8294 | AU36: =SUM(AU5:AU35) -> 12582 | AV36: =SUM(AV5:AV35) -> 0 | AW36: =SUM(AW5:AW35) -> 358 | AX36: =SUM(AX5:AX35) -> 0 | AY36: =SUM(AY5:AY35) -> 0 | BA36: =SUM(BA5:BA35) -> 13582 | BB36: =SUM(BB5:BB35) -> 3902 | BC36: =SUM(BC5:BC35) -> 714 | BD36: =SUM(BD5:BD35) -> 55 | BE36: =SUM(BE5:BE35) -> 0 | BF36: =SUM(BF5:BF35) -> 0 | BG36: =SUM(BG5:BG35) -> 2575 | BH36: =SUM(BH5:BH35) -> 48 | ... BJ36: =SUM(BJ5:BJ35) -> 0

Sheet 보관료_주력품목 제외
B2: 목우촌 일별 보관료 산정 | I2: 목우촌 월별 보관료 산정
B4: Total | F4: [ Pallet ] | I4: Total | M4: [ Pallet ]
B5: 일자 | C5: 상온 | D5: 냉장 | E5: 냉동 | F5: 합계 | G5: 일별수량 | I5: 일자 | J5: 상온 | K5: 냉장 | L5: 냉동 | M5: 합계
B6: 46235 | C6: =$J$9*F6 -> 112.44291 | D6: =F6*$K$9 -> 60.355386 | E6: =F6-D6-C6 -> 147.99471 | F6: =G6*$L$11/$K$11 -> 320.79301 | G6: 174709 | I6: 46249 | J6: 127 | K6: 79 | L6: 187 | M6: =K6+L6+J6 -> 393
B7: =B6+1 -> 46236 | C7: =$J$9*F7 -> 110.61122 | D7: =F7*$K$9 -> 59.3722 | E7: =F7-D7-C7 -> 145.58389 | F7: =G7*$L$11/$K$11 -> 315.56731 | G7: 171863 | I7: 46265 | J7: 144 | K7: 67 | L7: 170 | M7: =K7+L7+J7 -> 381
B8: =B7+1 -> 46237 | C8: =$J$9*F8 -> 114.51209 | D8: =F8*$K$9 -> 61.466048 | E8: =F8-D8-C8 -> 150.71812 | F8: =G8*$L$11/$K$11 -> 326.69625 | G8: 177924 | I8: 평균 | J8: =ROUNDUP(SUM(J6:J7)/2,0) -> 136 | K8: =ROUNDUP(SUM(K6:K7)/2,0) -> 73 | L8: =ROUNDUP(SUM(L6:L7)/2,0) -> 179 | M8: =K8+L8+J8 -> 388
B9: =B8+1 -> 46238 | C9: =$J$9*F9 -> 118.05833 | D9: =F9*$K$9 -> 63.369545 | E9: =F9-D9-C9 -> 155.3856 | F9: =G9*$L$11/$K$11 -> 336.81347 | G9: 183434 | I9: 비율 | J9: =J8/($K$8+$L$8+$J$8) -> 0.35051546 | K9: =K8/($K$8+$L$8+$J$8) -> 0.18814433 | L9: =L8/($K$8+$L$8+$J$8) -> 0.46134021 | M9: =K9+L9+J9 -> 1
B10: =B9+1 -> 46239 | C10: =$J$9*F10 -> 143.94976 | D10: =F10*$K$9 -> 77.267151 | E10: =F10-D10-C10 -> 189.46329 | F10: =G10*$L$11/$K$11 -> 410.6802 | G10: 223663 | K10: 평균수량 | L10: 평균팔레트
B11: =B10+1 -> 46240 | C11: =$J$9*F11 -> 144.59014 | D11: =F11*$K$9 -> 77.610886 | E11: =F11-D11-C11 -> 190.30615 | F11: =G11*$L$11/$K$11 -> 412.50718 | G11: 224658 | K11: =(G20+G36)/2 -> 211311 | L11: =M8 -> 388
B12: =B11+1 -> 46241 | C12: =$J$9*F12 -> 141.95331 | D12: =F12*$K$9 -> 76.195527 | E12: =F12-D12-C12 -> 186.83561 | F12: =G12*$L$11/$K$11 -> 404.98444 | G12: 220561
B13: =B12+1 -> 46242 | C13: =$J$9*F13 -> 140.29153 | D13: =F13*$K$9 -> 75.303543 | E13: =F13-D13-C13 -> 184.64841 | F13: =G13*$L$11/$K$11 -> 400.24349 | G13: 217979
B14: =B13+1 -> 46243 | C14: =$J$9*F14 -> 139.53852 | D14: =F14*$K$9 -> 74.899352 | E14: =F14-D14-C14 -> 183.65732 | F14: =G14*$L$11/$K$11 -> 398.09519 | G14: 216809
B15: =B14+1 -> 46244 | C15: =$J$9*F15 -> 127.7368 | D15: =F15*$K$9 -> 68.564609 | E15: =F15-D15-C15 -> 168.12418 | F15: =G15*$L$11/$K$11 -> 364.42559 | G15: 198472
B16: =B15+1 -> 46245 | C16: =$J$9*F16 -> 113.60332 | D16: =F16*$K$9 -> 60.978255 | E16: =F16-D16-C16 -> 149.52202 | F16: =G16*$L$11/$K$11 -> 324.1036 | G16: 176512
B17: =B16+1 -> 46246 | C17: =$J$9*F17 -> 110.74638 | D17: =F17*$K$9 -> 59.444747 | E17: =F17-D17-C17 -> 145.76178 | F17: =G17*$L$11/$K$11 -> 315.9529 | G17: 172073
B18: =B17+1 -> 46247 | C18: =$J$9*F18 -> 107.40416 | D18: =F18*$K$9 -> 57.650761 | E18: =F18-D18-C18 -> 141.36283 | F18: =G18*$L$11/$K$11 -> 306.41774 | G18: 166880
B19: =B18+1 -> 46248 | C19: =$J$9*F19 -> 138.20562 | D19: =F19*$K$9 -> 74.1839 | E19: =F19-D19-C19 -> 181.90299 | F19: =G19*$L$11/$K$11 -> 394.29251 | G19: 214738
B20: =B19+1 -> 46249 | C20: 127 | D20: 79 | E20: 187 | F20: 393 | G20: 214738
B21: =B20+1 -> 46250 | C21: =$J$9*F21 -> 133.75512 | D21: =F21*$K$9 -> 71.795027 | E21: =F21-D21-C21 -> 176.04534 | F21: =G21*$L$11/$K$11 -> 381.59549 | G21: 207823
B22: =B21+1 -> 46251 | C22: =$J$9*F22 -> 125.55564 | D22: =F22*$K$9 -> 67.393837 | E22: =F22-D22-C22 -> 165.25338 | F22: =G22*$L$11/$K$11 -> 358.20286 | G22: 195083
B23: =B22+1 -> 46252 | C23: =$J$9*F23 -> 116.71514 | D23: =F23*$K$9 -> 62.648565 | E23: =F23-D23-C23 -> 153.61772 | F23: =G23*$L$11/$K$11 -> 332.98142 | G23: 181347
B24: =B23+1 -> 46253 | C24: =$J$9*F24 -> 119.31721 | D24: =F24*$K$9 -> 64.04527 | E24: =F24-D24-C24 -> 157.04251 | F24: =G24*$L$11/$K$11 -> 340.405 | G24: 185390
B25: =B24+1 -> 46254 | C25: =$J$9*F25 -> 114.49536 | D25: =F25*$K$9 -> 61.457066 | E25: =F25-D25-C25 -> 150.69609 | F25: =G25*$L$11/$K$11 -> 326.64851 | G25: 177898
B26: =B25+1 -> 46255 | C26: =$J$9*F26 -> 114.32738 | D26: =F26*$K$9 -> 61.3669 | E26: =F26-D26-C26 -> 150.475 | F26: =G26*$L$11/$K$11 -> 326.16928 | G26: 177637
B27: =B26+1 -> 46256 | C27: =$J$9*F27 -> 113.29761 | D27: =F27*$K$9 -> 60.81416 | E27: =F27-D27-C27 -> 149.11965 | F27: =G27*$L$11/$K$11 -> 323.23143 | G27: 176037
B28: =B27+1 -> 46257 | C28: =$J$9*F28 -> 112.83486 | D28: =F28*$K$9 -> 60.565773 | E28: =F28-D28-C28 -> 148.51059 | F28: =G28*$L$11/$K$11 -> 321.91123 | G28: 175318
B29: =B28+1 -> 46258 | C29: =$J$9*F29 -> 103.92936 | D29: =F29*$K$9 -> 55.78561 | E29: =F29-D29-C29 -> 136.78937 | F29: =G29*$L$11/$K$11 -> 296.50434 | G29: 161481
B30: =B29+1 -> 46259 | C30: =$J$9*F30 -> 110.18902 | D30: =F30*$K$9 -> 59.145577 | E30: =F30-D30-C30 -> 145.0282 | F30: =G30*$L$11/$K$11 -> 314.36279 | G30: 171207
B31: =B30+1 -> 46260 | C31: =$J$9*F31 -> 122.36145 | D31: =F31*$K$9 -> 65.679307 | E31: =F31-D31-C31 -> 161.04926 | F31: =G31*$L$11/$K$11 -> 349.09001 | G31: 190120
B32: =B31+1 -> 46261 | C32: =$J$9*F32 -> 125.5801 | D32: =F32*$K$9 -> 67.406964 | E32: =F32-D32-C32 -> 165.28557 | F32: =G32*$L$11/$K$11 -> 358.27263 | G32: 195121
... B35: =B34+1 -> 46264 | C35: =$J$9*F35 -> 139.39178 | D35: =F35*$K$9 -> 74.820587 | E35: =F35-D35-C35 -> 183.46418 | F35: =G35*$L$11/$K$11 -> 397.67654 | G35: 216581
B36: =B35+1 -> 46265 | C36: 144 | D36: 67 | E36: 170 | F36: 381 | G36: 207884
B37: 평균 | C37: =ROUND(AVERAGE(C6:C36),0) -> 125 | D37: =ROUND(AVERAGE(D6:D36),0) -> 67 | E37: =ROUND(AVERAGE(E6:E36),0) -> 164 | F37: =ROUND(AVERAGE(F6:F36),0) -> 356

Sheet 보관료_주력품목만
B2: 일별 보관료 산정 | F2: 월별 보관료 산정
B4: Total | F4: Total
B5: 일자 | C5: 냉장 | D5: 일별수량 | F5: 일자 | G5: 냉장
B6: 46235 | C6: 9 | D6: 10471 | F6: 46249 | G6: =C20 -> 19
B7: =B6+1 -> 46236 | C7: 9 | D7: 9846 | F7: 46265 | G7: =C36 -> 13
B8: =B7+1 -> 46237 | C8: 11 | D8: 13573 | G8: =ROUNDUP(SUM(G6:G7)/2,0) -> 16
B9: =B8+1 -> 46238 | C9: 11 | D9: 13085
B10: =B9+1 -> 46239 | C10: 10 | D10: 12625 | F10: 평균수량 | G10: 평균팔레트
B11: =B10+1 -> 46240 | C11: 9 | D11: 10427 | F11: =(D20+D36)/2 -> 19307 | G11: =G8 -> 16
B12: =B11+1 -> 46241 | C12: 21 | D12: 22589
B13: =B12+1 -> 46242 | C13: 21 | D13: 22086
B14: =B13+1 -> 46243 | C14: 21 | D14: 21732
B15: =B14+1 -> 46244 | C15: 27 | D15: 32657
B16: =B15+1 -> 46245 | C16: 27 | D16: 34763
B17: =B16+1 -> 46246 | C17: 22 | D17: 26591
B18: =B17+1 -> 46247 | C18: 19 | D18: 23945
B19: =B18+1 -> 46248 | C19: 19 | D19: 23945
B20: =B19+1 -> 46249 | C20: 19 | D20: 23945
B21: =B20+1 -> 46250 | C21: 14 | D21: 20021
B22: =B21+1 -> 46251 | C22: 14 | D22: 19214
B23: =B22+1 -> 46252 | C23: 11 | D23: 13880
... B36: =B35+1 -> 46265 | C36: 13 | D36: 14669
B37: 평균 | C37: =ROUND(AVERAGE(C6:C36),0) -> 14 | D37: =ROUND(AVERAGE(D6:D36),0) -> 17316

Sheet 보관료_합계
B2: 목우촌 일별 보관료 산정 | I2: 목우촌 월별 보관료 산정
B4: Total | F4: [ Pallet ] | I4: Total | M4: [ Pallet ]
B5: 일자 | C5: 상온 | D5: 냉장 | E5: 냉동 | F5: 합계 | G5: 일별수량 | I5: 일자 | J5: 상온 | K5: 냉장 | L5: 냉동 | M5: 합계
B6: 46235 | C6: =F6*$J$9 -> 109.20431 | D6: =F6*$K$9 -> 71.464586 | E6: =F6-D6 -> 252.93646 | F6: =G6*$L$11/$K$11 -> 324.40104 | G6: ='보관료_주력품목 제외'!G6+보관료_주력품목만!D6 -> 185180 | I6: 46249 | J6: ='보관료_주력품목 제외'!J6 -> 127 | K6: =보관료_주력품목만!G6+'보관료_주력품목 제외'!K6 -> 98 | L6: ='보관료_주력품목 제외'!L6 -> 187 | M6: =K6+L6+J6 -> 412
B7: =B6+1 -> 46236 | C7: =F7*$J$9 -> 107.15739 | D7: =F7*$K$9 -> 70.12506 | E7: =F7*$L$9 -> 141.03804 | F7: =G7*$L$11/$K$11 -> 318.3205 | G7: ='보관료_주력품목 제외'!G7+보관료_주력품목만!D7 -> 181709 | I7: 46265 | J7: ='보관료_주력품목 제외'!J7 -> 144 | K7: =보관료_주력품목만!G7+'보관료_주력품목 제외'!K7 -> 80 | L7: ='보관료_주력품목 제외'!L7 -> 170 | M7: =K7+L7+J7 -> 394
B8: =B7+1 -> 46237 | C8: =F8*$J$9 -> 112.92957 | D8: =F8*$K$9 -> 73.90244 | E8: =F8*$L$9 -> 148.63525 | F8: =G8*$L$11/$K$11 -> 335.46726 | G8: ='보관료_주력품목 제외'!G8+보관료_주력품목만!D8 -> 191497 | I8: 평균 | J8: =ROUNDUP(SUM(J6:J7)/2,0) -> 136 | K8: =ROUNDUP(SUM(K6:K7)/2,0) -> 89 | L8: =ROUNDUP(SUM(L6:L7)/2,0) -> 179 | M8: =K8+L8+J8 -> 404
B9: =B8+1 -> 46238 | C9: =F9*$J$9 -> 115.89114 | D9: =F9*$K$9 -> 75.840528 | E9: =F9*$L$9 -> 152.5332 | F9: =G9*$L$11/$K$11 -> 344.26487 | G9: ='보관료_주력품목 제외'!G9+보관료_주력품목만!D9 -> 196519 | I9: 비율 | J9: =J8/($K$8+$L$8+$J$8) -> 0.33663366 | K9: =K8/($K$8+$L$8+$J$8) -> 0.22029703 | L9: =L8/($K$8+$L$8+$J$8) -> 0.44306931 | M9: =K9+L9+J9 -> 1
B10: =B9+1 -> 46239 | C10: =F10*$J$9 -> 139.34371 | D10: =F10*$K$9 -> 91.188164 | E10: =F10*$L$9 -> 183.40091 | F10: =G10*$L$11/$K$11 -> 413.93279 | G10: ='보관료_주력품목 제외'!G10+보관료_주력품목만!D10 -> 236288 | K10: 평균수량 | L10: 평균팔레트
B11: =B10+1 -> 46240 | C11: =F11*$J$9 -> 138.63428 | D11: =F11*$K$9 -> 90.723903 | E11: =F11*$L$9 -> 182.46718 | F11: =G11*$L$11/$K$11 -> 411.82536 | G11: ='보관료_주력품목 제외'!G11+보관료_주력품목만!D11 -> 235085 | K11: =(G20+G36)/2 -> 230618 | L11: =M8 -> 404
B12: =B11+1 -> 46241 | C12: =F12*$J$9 -> 143.39037 | D12: =F12*$K$9 -> 93.836344 | E12: =F12*$L$9 -> 188.72703 | F12: =G12*$L$11/$K$11 -> 425.95374 | G12: ='보관료_주력품목 제외'!G12+보관료_주력품목만!D12 -> 243150
B13: =B12+1 -> 46242 | C13: =F13*$J$9 -> 141.57108 | D13: =F13*$K$9 -> 92.645782 | E13: =F13*$L$9 -> 186.33253 | F13: =G13*$L$11/$K$11 -> 420.54939 | G13: ='보관료_주력품목 제외'!G13+보관료_주력품목만!D13 -> 240065
B14: =B13+1 -> 46243 | C14: =F14*$J$9 -> 140.67235 | D14: =F14*$K$9 -> 92.057641 | E14: =F14*$L$9 -> 185.14964 | F14: =G14*$L$11/$K$11 -> 417.87963 | G14: ='보관료_주력품목 제외'!G14+보관료_주력품목만!D14 -> 238541
B15: =B14+1 -> 46244 | C15: =F15*$J$9 -> 136.30135 | D15: =F15*$K$9 -> 89.197205 | E15: =F15*$L$9 -> 179.39663 | F15: =G15*$L$11/$K$11 -> 404.89518 | G15: ='보관료_주력품목 제외'!G15+보관료_주력품목만!D15 -> 231129
B16: =B15+1 -> 46245 | C16: =F16*$J$9 -> 124.59305 | D16: =F16*$K$9 -> 81.535158 | E16: =F16*$L$9 -> 163.98644 | F16: =G16*$L$11/$K$11 -> 370.11465 | G16: ='보관료_주력품목 제외'!G16+보관료_주력품목만!D16 -> 211275
B17: =B16+1 -> 46246 | C17: =F17*$J$9 -> 117.15609 | D17: =F17*$K$9 -> 76.668326 | E17: =F17*$L$9 -> 154.19809 | F17: =G17*$L$11/$K$11 -> 348.02251 | G17: ='보관료_주력품목 제외'!G17+보관료_주력품목만!D17 -> 198664
B18: =B17+1 -> 46247 | C18: =F18*$J$9 -> 112.53328 | D18: =F18*$K$9 -> 73.643102 | E18: =F18*$L$9 -> 148.11366 | F18: =G18*$L$11/$K$11 -> 334.29004 | G18: ='보관료_주력품목 제외'!G18+보관료_주력품목만!D18 -> 190825
B19: =B18+1 -> 46248 | C19: =F19*$J$9 -> 140.75609 | D19: =F19*$K$9 -> 92.112441 | E19: =F19*$L$9 -> 185.25985 | F19: =G19*$L$11/$K$11 -> 418.12839 | G19: ='보관료_주력품목 제외'!G19+보관료_주력품목만!D19 -> 238683
B20: =B19+1 -> 46249 | C20: 127 | D20: 98 | E20: 187 | F20: 412 | G20: ='보관료_주력품목 제외'!G20+보관료_주력품목만!D20 -> 238683
B21: =B20+1 -> 46250 | C21: =F21*$J$9 -> 134.36412 | D21: =F21*$K$9 -> 87.929459 | E21: =F21*$L$9 -> 176.84689 | F21: =G21*$L$11/$K$11 -> 399.14047 | G21: ='보관료_주력품목 제외'!G21+보관료_주력품목만!D21 -> 227844
B22: =B21+1 -> 46251 | C22: =F22*$J$9 -> 126.37518 | D22: =F22*$K$9 -> 82.701407 | E22: =F22*$L$9 -> 166.33204 | F22: =G22*$L$11/$K$11 -> 375.40863 | G22: ='보관료_주력품목 제외'!G22+보관료_주력품목만!D22 -> 214297
B23: =B22+1 -> 46252 | C23: =F23*$J$9 -> 115.12923 | D23: =F23*$K$9 -> 75.34192 | E23: =F23*$L$9 -> 151.53038 | F23: =G23*$L$11/$K$11 -> 342.00153 | G23: ='보관료_주력품목 제외'!G23+보관료_주력품목만!D23 -> 195227
B24: =B23+1 -> 46253 | C24: =F24*$J$9 -> 117.47277 | D24: =F24*$K$9 -> 76.875565 | E24: =F24*$L$9 -> 154.6149 | F24: =G24*$L$11/$K$11 -> 348.96324 | G24: ='보관료_주력품목 제외'!G24+보관료_주력품목만!D24 -> 199201
B25: =B24+1 -> 46254 | C25: =F25*$J$9 -> 112.70017 | D25: =F25*$K$9 -> 73.752318 | E25: =F25*$L$9 -> 148.33331 | F25: =G25*$L$11/$K$11 -> 334.7858 | G25: ='보관료_주력품목 제외'!G25+보관료_주력품목만!D25 -> 191108
B26: =B25+1 -> 46255 | C26: =F26*$J$9 -> 112.31214 | D26: =F26*$K$9 -> 73.498383 | E26: =F26*$L$9 -> 147.82259 | F26: =G26*$L$11/$K$11 -> 333.63311 | G26: ='보관료_주력품목 제외'!G26+보관료_주력품목만!D26 -> 190450
B27: =B26+1 -> 46256 | C27: =F27*$J$9 -> 111.14213 | D27: =F27*$K$9 -> 72.732718 | E27: =F27*$L$9 -> 146.28266 | F27: =G27*$L$11/$K$11 -> 330.15751 | G27: ='보관료_주력품목 제외'!G27+보관료_주력품목만!D27 -> 188466
B28: =B27+1 -> 46257 | C28: =F28*$J$9 -> 110.57423 | D28: =F28*$K$9 -> 72.361078 | E28: =F28*$L$9 -> 145.5352 | F28: =G28*$L$11/$K$11 -> 328.47051 | G28: ='보관료_주력품목 제외'!G28+보관료_주력품목만!D28 -> 187503
B29: =B28+1 -> 46258 | C29: =F29*$J$9 -> 104.98605 | D29: =F29*$K$9 -> 68.704104 | E29: =F29*$L$9 -> 138.18016 | F29: =G29*$L$11/$K$11 -> 311.87031 | G29: ='보관료_주력품목 제외'!G29+보관료_주력품목만!D29 -> 178027
B30: =B29+1 -> 46259 | C30: =F30*$J$9 -> 109.76514 | D30: =F30*$K$9 -> 71.831596 | E30: =F30*$L$9 -> 144.47029 | F30: =G30*$L$11/$K$11 -> 326.06702 | G30: ='보관료_주력품목 제외'!G30+보관료_주력품목만!D30 -> 186131
B31: =B30+1 -> 46260 | C31: =F31*$J$9 -> 120.88843 | D31: =F31*$K$9 -> 79.110811 | E31: =F31*$L$9 -> 159.11051 | F31: =G31*$L$11/$K$11 -> 359.10975 | G31: ='보관료_주력품목 제외'!G31+보관료_주력품목만!D31 -> 204993
B32: =B31+1 -> 46261 | C32: =F32*$J$9 -> 122.88345 | D32: =F32*$K$9 -> 80.416377 | E32: =F32*$L$9 -> 161.73631 | F32: =G32*$L$11/$K$11 -> 365.03614 | G32: ='보관료_주력품목 제외'!G32+보관료_주력품목만!D32 -> 208376
... B35: =B34+1 -> 46264 | C35: =F35*$J$9 -> 136.03833 | D35: =F35*$K$9 -> 89.025085 | E35: =F35*$L$9 -> 179.05045 | F35: =G35*$L$11/$K$11 -> 404.11387 | G35: ='보관료_주력품목 제외'!G35+보관료_주력품목만!D35 -> 230683
B36: =B35+1 -> 46265 | C36: 144 | D36: 80 | E36: 170 | F36: 394 | G36: ='보관료_주력품목 제외'!G36+보관료_주력품목만!D36 -> 222553
B37: 평균 | C37: =ROUND(AVERAGE(C6:C36),0) -> 124 | D37: =ROUND(AVERAGE(D6:D36),0) -> 81 | E37: =ROUND(AVERAGE(E6:E36),0) -> 167 | F37: =ROUND(AVERAGE(F6:F36),0) -> 370

Sheet 제주도서
A1: No. | B1: 운송장번호 | C1: 받는분 | D1: 주소 | E1: 출고일 | F1: 품명 | G1: 구분 | H1: 금액
A2: 1 | B2: 302053287515 | C2: 강한철 | D2: 제주특별자치도 서귀포시 남원읍 | E2: 20260802 | F2: [M냉장]주부9단 살코기햄 1kg** | G2: 제주 | H2: 3000
A3: =A2+1 -> 2 | B3: 302053289265 | C3: 임명진 | D3: 제주특별자치도 제주시 진서로6길 | E3: 20260802 | F3: [M상온]★번들★뚝심340gx3 | G3: 제주 | H3: 3000
A4: =A3+1 -> 3 | B4: 302053289910 | C4: 이은주 | D4: 제주특별자치도 제주시 애월읍 | E4: 20260802 | F4: [M냉장]★번들★주부9단 올바른오리훈제450g | G4: 제주 | H4: 3000
A5: =A4+1 -> 4 | B5: 302053290326 | C5: 현경우 | D5: 제주특별자치도 서귀포시 서홍로 | E5: 20260802 | F5: [M냉동]무항)닭가슴살IQF 1000* | G5: 제주 | H5: 3000
A6: =A5+1 -> 5 | B6: 302053334415 | C6: 오한나 | D6: 제주특별자치도 제주시 조천읍 | E6: 20260804 | F6: [M냉장]주부9단 나주배 오리훈제200g | G6: 제주 | H6: 3000
A7: =A6+1 -> 6 | B7: 302053339680 | C7: 김연 | D7: 제주특별자치도 제주시 화삼로 | E7: 20260804 | F7: [M냉장]주부9단 살코기햄 1kg** | G7: 제주 | H7: 3000
A8: =A7+1 -> 7 | B8: 302053347612 | C8: 이은주 | D8: 제주특별자치도 제주시 애월읍 | E8: 20260804 | F8: [M냉동]쏘바삭 ★청양레드★ 300g ★주황색★ | G8: 제주 | H8: 3000
A9: =A8+1 -> 8 | B9: 302053368380 | C9: 이혜연 | D9: 제주특별자치도 제주시 애월읍 | E9: 20260804 | F9: [M냉동]쏘바삭 ★청양레드★ 300g ★주황색★ | G9: 제주 | H9: 3000
A10: =A9+1 -> 9 | B10: 302053397824 | C10: 강지원 | D10: 전라남도 완도군 생일면 | E10: 20260805 | F10: [M냉동]풍미삼계탕 1kg | G10: 도서산간 | H10: 5000
A11: =A10+1 -> 10 | B11: 302053418640 | C11: 김진훈 | D11: 경상북도 울릉군 북면 | E11: 20260806 | F11: [M냉장]주부9단 살코기햄 1kg** | G11: 도서산간 | H11: 5000
A12: =A11+1 -> 11 | B12: 302053434714 | C12: 양은영 | D12: 제주특별자치도 제주시 일주동로 | E12: 20260807 | F12: [M상온]★번들★뚝심340gx3 | G12: 제주 | H12: 3000
A13: =A12+1 -> 12 | B13: 302053441423 | C13: 정맹순 | D13: 전라남도 영광군 낙월면 | E13: 20260807 | F13: [M냉동]돈육꽃삼겹살 500g | G13: 도서산간 | H13: 4000
A14: =A13+1 -> 13 | B14: 302053451702 | C14: 김현진 | D14: 제주특별자치도 제주시 대통길 | E14: 20260808 | F14: [M상온]★번들★뚝심340gx3 | G14: 제주 | H14: 3000
... A219: =A218+1 -> 218 | B219: 302041217430 | C219: 김준혁 | D219: 제주특별자치도 제주시 번영로 | E219: 20260831 | F219: [M냉장]주부9단 살코기햄 1kg** | G219: 제주 | H219: 3000
A220: =A219+1 -> 219
A221: =A220+1 -> 220
A222: =A221+1 -> 221
A223: =A222+1 -> 222
A224: =A223+1 -> 223
A225: =A224+1 -> 224
A226: =A225+1 -> 225
A227: =A226+1 -> 226
A228: =A227+1 -> 227
A229: =A228+1 -> 228
A230: =A229+1 -> 229
A231: =A230+1 -> 230
... A246: =A245+1 -> 245
A247: 제주추가운임비 합계 금액 [ VAT 포함 ] | G247: =COUNTIFS($G$2:$G$246,"제주")&"건" -> 201건 | H247: =SUMIFS($H$2:$H$246,$G$2:$G$246,"제주") -> 603000
A248: 도서산간추가운임비 합계 금액 [ VAT 포함 ] | G248: =COUNTIFS($G$2:$G$246,"도서산간")&"건" -> 17건 | H248: =SUMIFS($H$2:$H$246,$G$2:$G$246,"도서산간") -> 91000
A249: 합계 금액 [ VAT 포함 ] | H249: =H247+H248 -> 694000

Sheet 반품
A1: No. | B1: 원송장번호 | C1: 고객명 | D1: 품목코드 | E1: 품명 | F1: 구분 | G1: 금액
A2: 1 | B2: 302039427854 | C2: 방민경 | D2: 201991000052 | E2: [M냉동]주부9단 바삭(파랑) 치킨텐더 600g(사조) | F2: 고객사요청 | G2: 2475
A3: =A2+1 -> 2 | B3: 302053247206 | C3: 이은기 | D3: 201978000041 | E3: [M냉장]주부9단 살코기햄 1kg** | F3: 고객사요청 | G3: 2475
A4: =A3+1 -> 3 | B4: 302039437116 | C4: 유지영 | D4: 201978000068 | E4: [M냉장]오리훈제 180g** | F4: 고객사요청 | G4: 2475
A5: =A4+1 -> 4 | B5: 302039756073 | C5: 박준희 | D5: 201991000143 | E5: [M냉장] 프라임 비엔나 1kg(7개입) | F5: 고객사요청 | G5: 2475
A6: =A5+1 -> 5 | B6: 302053465816 | C6: 정은주 | D6: 201978000041 | E6: [M냉장]주부9단 살코기햄 1kg** | F6: 고객사요청 | G6: 2475
A7: =A6+1 -> 6 | B7: 302053522225 | C7: 서지민 | D7: 201978000061 | E7: [M냉장]주부9단 살코기햄 ★600g★** | F7: 고객사요청 | G7: 2475
A8: =A7+1 -> 7 | B8: 302039875316 | C8: 정승욱 | D8: 202008000058 | E8: [M냉장]주부9단 나주배 오리훈제200g | F8: 고객사요청 | G8: 3025
A9: =A8+1 -> 8 | B9: 302040447161 | C9: 임수진 | D9: 201978000045 | E9: [M냉장]주부9단프랑크소시지 500g** | F9: 고객사요청 | G9: 2255
A10: =A9+1 -> 9 | B10: 256709589986 | C10: 로켓프레시 | F10: 쿠팡반품 | G10: 3200
A11: =A10+1 -> 10 | B11: 265484375085 | C11: 로켓프레시 | F11: 쿠팡반품 | G11: 3200
A12: =A11+1 -> 11
A13: =A12+1 -> 12
A14: =A13+1 -> 13
A15: =A14+1 -> 14
A16: =A15+1 -> 15
A17: =A16+1 -> 16
A18: =A17+1 -> 17
A19: =A18+1 -> 18
A20: =A19+1 -> 19
A21: =A20+1 -> 20
A22: =A21+1 -> 21
A23: =A22+1 -> 22
A24: 합계 금액 [ VAT 포함 ] | G24: =SUM(G2:G23) -> 26530

Sheet 차량출고
A1: 마감반영 | B1: 출고정보 | C1: 품명 | D1: 수량 | E1: BOX | F1: P/T | G1: 박스상차 | H1: 아이스팩(중) | I1: 아이스팩(대) | J1: 드라이 | K1: PCM | L1: 박스 단가 | M1: 아이스팩(중) 단가 | N1: 아이스팩(대) 단가 | O1: 드라이아이스 단가 | P1: pcm 단가 | Q1: 기타부자재 단가 | R1: 래핑비용 | S1: 출고비 | T1: 파렛타이징 | U1: 작업비 | V1: 파렛트 이동전표 단가 | W1: 박스비 합계 | X1: 냉매제 합계 | Y1: 기타부자재 합계 | Z1: 작업비 합계 | AA1: 파렛트 이동합계 | AB1: 차량 | AC1: 총합계 | AD1: 비고
B2: 8/6(목) 목우촌 현동물류 차량출고 | C2: [M상온]안심삼계탕세트1호 3.4Kg | D2: 518 | E2: 172.66667 | F2: 4 | R2: 1650 | S2: 2750 | T2: 165 | V2: 3300 | X2: =K2*P2 -> 0 | Z2: =R2*F2+S2*F2+U2*E2+T2*E2 -> 46090 | AA2: =V2*F2 -> 13200 | AC2: =SUM(W2:AB2) -> 59290
B3: 8/11(화) 목우촌 상주재가노인통합지원센터 특판 차량출고 | C3: [M상온]안심삼계탕세트 2호 | D3: 140 | E3: 23 | G3: 23 | S3: 165 | T3: 165 | X3: =K3*P3 -> 0 | Z3: =S3*E3+T3*E3+U3*E3 -> 7590 | AA3: =V3 | AC3: =SUM(W3:AB3) -> 7590
B4: 8/13(목) 목우촌 오뚜기 이관 차량출고 | C4: [M상온]주부9단 한우 사골곰탕 450g(리뉴얼) | D4: 14040 | E4: 780 | F4: 10 | R4: 1650 | S4: 2750 | T4: 165 | V4: 3300 | Z4: =R4*F4+S4*F4+T4*E4+U4*E4 -> 172700 | AA4: =V4*F4 -> 33000 | AC4: =SUM(W4:AB4) -> 205700
B5: 8/17(화)목우촌 리씽크 차량출고 | C5: [M냉장]주부9단 로스팅 북경식오리520g | D5: 30 | E5: 3.3333333 | G5: 3.3333333 | S5: 165 | T5: 165 | Z5: =S5*E5+T5*E5+U5*E5 -> 1100 | AA5: =V5 | AC5: =SUM(W5:AB5) -> 1100
B6: 8/21(금) 목우촌 오리훈제 불량 맞교환 차량출고 | C6: [M냉장] 목우촌 정성담은 한끼 오리훈제 130gx3개 | D6: 508 | E6: 50.8 | G6: 50.8 | S6: 165 | T6: 165 | Z6: =S6*E6+T6*E6+U6*E6 -> 16764 | AA6: =V6 | AC6: =SUM(W6:AB6) -> 16764
B7: 8/24(월) 목우촌 서안성 삼계탕 이관 차량출고(1) | C7: [M냉동]풍미삼계탕 1kg | D7: 6240 | E7: =D7/10 -> 624 | F7: 13 | R7: 1650 | S7: 2750 | T7: 165 | V7: 3300 | Z7: =R7*F7+S7*F7+T7*E7+U7*E7 -> 160160 | AA7: =V7*F7 -> 42900 | AC7: =SUM(W7:AB7) -> 203060
B8: 8/24(월) 목우촌 서안성 삼계탕 이관 차량출고(2) | C8: [M냉장]생생우슬삼계탕_냉장 1000g | D8: 6336 | E8: =D8/12 -> 528 | F8: 11 | R8: 1650 | S8: 2750 | T8: 165 | V8: 3300 | Z8: =R8*F8+S8*F8+T8*E8+U8*E8 -> 135520 | AA8: =V8*F8 -> 36300 | AC8: =SUM(W8:AB8) -> 171820
AC9: =SUM(W9:AB9) -> 0
AC10: =SUM(W10:AB10) -> 0
AC11: =SUM(W11:AB11) -> 0
AC12: =SUM(W12:AB12) -> 0
AC13: =SUM(W13:AB13) -> 0
AC14: =SUM(W14:AB14) -> 0
AC15: =SUM(W15:AB15) -> 0
AC16: =SUM(W16:AB16) -> 0
AC17: =SUM(W17:AB17) -> 0
AC18: =SUM(W18:AB18) -> 0
AC19: =SUM(W19:AB19) -> 0
AC20: =SUM(W20:AB20) -> 0
... AC24: =SUM(W24:AB24) -> 0
A25: 합계 금액 [ VAT 포함 ] | B25: 합계 금액 [ VAT 포함 ] | AC25: =SUM(AC2:AC24) -> 665324

Sheet 폐기
A1: No. | B1: 청구일 | C1: 센터 | D1: 업체명 | E1: 품목명 | F1: 개별중량(g) | G1: 폐기수량 | H1: 총중량(g) | I1: 총중량(kg) | J1: 단가(원/kg) | K1: 합계 (VAT포함)
A2: 1 | B2: 8월 | C2: 오산센터 | D2: 목우촌 | E2: [M냉장]★번들★주부9단 옹기종기베이컨200g*2** | F2: 400 | G2: 15 | H2: =G2*F2 -> 6000 | I2: =ROUNDUP(H2/1000,0) -> 6 | J2: 350 | K2: =J2*I2 -> 2100
A3: =A2+1 -> 2 | B3: 8월 | C3: 오산센터 | D3: 목우촌 | E3: [M냉장]주부9단 슬라이스햄 100g+100g** | F3: 200 | G3: 8 | H3: =G3*F3 -> 1600 | I3: =ROUNDUP(H3/1000,0) -> 2 | J3: 350 | K3: =J3*I3 -> 700
A4: =A3+1 -> 3 | B4: 8월 | C4: 오산센터 | D4: 목우촌 | E4: [M냉장]주부9단 살코기햄 ★600g★** | F4: 600 | G4: 2 | H4: =G4*F4 -> 1200 | I4: =ROUNDUP(H4/1000,0) -> 2 | J4: 350 | K4: =J4*I4 -> 700
A5: =A4+1 -> 4 | B5: 8월 | C5: 오산센터 | D5: 목우촌 | E5: [M냉장]생생삼계탕 1kg** | F5: 1000 | G5: 1 | H5: =G5*F5 -> 1000 | I5: =ROUNDUP(H5/1000,0) -> 1 | J5: 350 | K5: =J5*I5 -> 350
A6: =A5+1 -> 5 | B6: 8월 | C6: 오산센터 | D6: 목우촌 | E6: [M상온]안심삼계탕 850g | F6: 850 | G6: 5 | H6: =G6*F6 -> 4250 | I6: =ROUNDUP(H6/1000,0) -> 5 | J6: 350 | K6: =J6*I6 -> 1750
A7: =A6+1 -> 6 | B7: 8월 | C7: 오산센터 | D7: 목우촌 | E7: [M냉장]주부9단 훈제치킨(닭다리) 120g** | F7: 120 | G7: 8 | H7: =G7*F7 -> 960 | I7: =ROUNDUP(H7/1000,0) -> 1 | J7: 350 | K7: =J7*I7 -> 350
A8: =A7+1 -> 7 | B8: 8월 | C8: 오산센터 | D8: 목우촌 | E8: [M상온]주부9단 한우 사골곰탕 450g(리뉴얼) | F8: 450 | G8: 1 | H8: =G8*F8 -> 450 | I8: =ROUNDUP(H8/1000,0) -> 1 | J8: 350 | K8: =J8*I8 -> 350
A9: =A8+1 -> 8 | B9: 8월 | C9: 오산센터 | D9: 목우촌 | E9: [M냉동]무항)닭가슴살IQF 1000* | F9: 1000 | G9: 1 | H9: =G9*F9 -> 1000 | I9: =ROUNDUP(H9/1000,0) -> 1 | J9: 350 | K9: =J9*I9 -> 350
A10: =A9+1 -> 9 | B10: 8월 | C10: 오산센터 | D10: 목우촌 | E10: [M냉동] 주부9단 추억의돈까스390g | F10: 390 | G10: 1 | H10: =G10*F10 -> 390 | I10: =ROUNDUP(H10/1000,0) -> 1 | J10: 350 | K10: =J10*I10 -> 350
A11: =A10+1 -> 10 | B11: 8월 | C11: 오산센터 | D11: 목우촌 | E11: [M냉장]주부9단 로스팅 북경식오리520g | F11: 520 | G11: 1 | H11: =G11*F11 -> 520 | I11: =ROUNDUP(H11/1000,0) -> 1 | J11: 350 | K11: =J11*I11 -> 350
A12: =A11+1 -> 11 | B12: 8월 | C12: 오산센터 | D12: 목우촌 | E12: [M냉장] 목우촌 정성담은 한끼 오리훈제 130gx3개 | F12: 390 | G12: 3 | H12: =G12*F12 -> 1170 | I12: =ROUNDUP(H12/1000,0) -> 2 | J12: 350 | K12: =J12*I12 -> 700
A13: =A12+1 -> 12 | B13: 8월 | C13: 오산센터 | D13: 목우촌 | E13: [M냉동]목우촌 국내산 소고기 특수부위 300g(2등급) | F13: 300 | G13: 1 | H13: =G13*F13 -> 300 | I13: =ROUNDUP(H13/1000,0) -> 1 | J13: 350 | K13: =J13*I13 -> 350
A14: =A13+1 -> 13 | B14: 8월 | C14: 오산센터 | D14: 목우촌 | H14: =G14*F14 -> 0 | I14: =ROUNDUP(H14/1000,0) -> 0 | J14: 350 | K14: =J14*I14 -> 0
A15: =A14+1 -> 14 | B15: 8월 | C15: 오산센터 | D15: 목우촌 | H15: =G15*F15 -> 0 | I15: =ROUNDUP(H15/1000,0) -> 0 | J15: 350 | K15: =J15*I15 -> 0
A16: =A15+1 -> 15 | B16: 8월 | C16: 오산센터 | D16: 목우촌 | H16: =G16*F16 -> 0 | I16: =ROUNDUP(H16/1000,0) -> 0 | J16: 350 | K16: =J16*I16 -> 0
A17: =A16+1 -> 16 | B17: 8월 | C17: 오산센터 | D17: 목우촌 | H17: =G17*F17 -> 0 | I17: =ROUNDUP(H17/1000,0) -> 0 | J17: 350 | K17: =J17*I17 -> 0
A18: =A17+1 -> 17 | B18: 8월 | C18: 오산센터 | D18: 목우촌 | H18: =G18*F18 -> 0 | I18: =ROUNDUP(H18/1000,0) -> 0 | J18: 350 | K18: =J18*I18 -> 0
A19: =A18+1 -> 18 | B19: 8월 | C19: 오산센터 | D19: 목우촌 | H19: =G19*F19 -> 0 | I19: =ROUNDUP(H19/1000,0) -> 0 | J19: 350 | K19: =J19*I19 -> 0
A20: =A19+1 -> 19 | B20: 8월 | C20: 오산센터 | D20: 목우촌 | H20: =G20*F20 -> 0 | I20: =ROUNDUP(H20/1000,0) -> 0 | J20: 350 | K20: =J20*I20 -> 0
A21: =A20+1 -> 20 | H21: =G21*F21 -> 0 | I21: =ROUNDUP(H21/1000,0) -> 0 | J21: 350 | K21: =J21*I21 -> 0
A22: =A21+1 -> 21 | H22: =G22*F22 -> 0 | I22: =ROUNDUP(H22/1000,0) -> 0 | J22: 350 | K22: =J22*I22 -> 0
A23: =A22+1 -> 22 | H23: =G23*F23 -> 0 | I23: =ROUNDUP(H23/1000,0) -> 0 | J23: 350 | K23: =J23*I23 -> 0
A24: =A23+1 -> 23 | H24: =G24*F24 -> 0 | I24: =ROUNDUP(H24/1000,0) -> 0 | J24: 350 | K24: =J24*I24 -> 0
A25: =A24+1 -> 24 | H25: =G25*F25 -> 0 | I25: =ROUNDUP(H25/1000,0) -> 0 | J25: 350 | K25: =J25*I25 -> 0
A26: =A25+1 -> 25 | H26: =G26*F26 -> 0 | I26: =ROUNDUP(H26/1000,0) -> 0 | J26: 350 | K26: =J26*I26 -> 0
A27: =A26+1 -> 26 | H27: =G27*F27 -> 0 | I27: =ROUNDUP(H27/1000,0) -> 0 | J27: 350 | K27: =J27*I27 -> 0
A28: =A27+1 -> 27 | H28: =G28*F28 -> 0 | I28: =ROUNDUP(H28/1000,0) -> 0 | J28: 350 | K28: =J28*I28 -> 0
A29: =A28+1 -> 28 | H29: =G29*F29 -> 0 | I29: =ROUNDUP(H29/1000,0) -> 0 | J29: 350 | K29: =J29*I29 -> 0
A30: =A29+1 -> 29 | H30: =G30*F30 -> 0 | I30: =ROUNDUP(H30/1000,0) -> 0 | J30: 350 | K30: =J30*I30 -> 0
A31: =A30+1 -> 30 | H31: =G31*F31 -> 0 | I31: =ROUNDUP(H31/1000,0) -> 0 | J31: 350 | K31: =J31*I31 -> 0
A32: =A31+1 -> 31 | H32: =G32*F32 -> 0 | I32: =ROUNDUP(H32/1000,0) -> 0 | J32: 350 | K32: =J32*I32 -> 0
... A45: =A44+1 -> 44 | H45: =G45*F45 -> 0 | I45: =ROUNDUP(H45/1000,0) -> 0 | J45: 350 | K45: =J45*I45 -> 0
A46: =A30+1 -> 30 | K46: =J46*I46 -> 0
A47: =A46+1 -> 31 | K47: =J47*I47 -> 0
A48: =A47+1 -> 32 | K48: =J48*I48 -> 0
A49: =A48+1 -> 33 | K49: =J49*I49 -> 0
A50: =A49+1 -> 34
A51: =A50+1 -> 35
A52: =A51+1 -> 36 | K52: =J52*I52 -> 0
A53: 합계 금액 [ VAT 포함 ] | K53: =SUM(K2:K52) -> 8400
A54: * 8/29 전산재고 차감

Sheet 클레임
A1: No. | B1: 업체명 | C1: 접수일 | D1: 출고일 | E1: 송장번호 | F1: 성함 | G1: 분류 | H1: 클레임 사유 | I1: 품목코드 | J1: 누락제품 | K1: 수량 | L1: 품목코드 | M1: 오포장/사고제품 | N1: 수량 | O1: 재출고/환불 | P1: 제품금액 | Q1: 배송비 | R1: 부자재 | S1: 총 변상액
A2: 1 | B2: 목우촌 | C2: 08월 04일 | D2: 07월 30일 | E2: 302039570153 | F2: 이경인 | G2: 아워사고 | H2: 누락 | I2: 201978000062 | J2: [M상온]쇠고기육포 50g | K2: 5 | O2: 302039810264 | Q2: 2475 | R2: 231 | S2: =SUM(P2:R2) -> 2706
A3: =A2+1 -> 2 | B3: 목우촌 | C3: 08월 04일 | D3: 07월 30일 | E3: 302039571973 | F3: 이영실 | G3: 아워사고 | H3: 누락 | I3: 201987000206 | J3: [M상온]★번들★뚝심200gx3 | K3: 1 | O3: 302039810290 | Q3: 2750 | R3: 1485 | S3: =SUM(P3:R3) -> 4235
A4: =A3+1 -> 3 | B4: 목우촌 | C4: 08월 04일 | D4: 07월 30일 | E4: 302039571973 | F4: 이영실 | G4: 아워사고 | H4: 누락 | I4: 201978000041 | J4: [M냉장]주부9단 살코기햄 1kg** | K4: 2 | O4: 302039810290
A5: =A4+1 -> 4 | B5: 목우촌 | C5: 08월 04일 | D5: 07월 29일 | E5: 302039515516 | F5: 채지선 | G5: 아워사고 | H5: 누락 | I5: 201987000207 | J5: [M냉동]주부9단 닭가슴살 피쉬어묵바 까망베르70g★단품 | K5: 1 | O5: 302039810301 | Q5: 2750 | R5: 1320 | S5: =SUM(P5:R5) -> 4070
A6: =A5+1 -> 5 | B6: 목우촌 | C6: 08월 05일 | D6: 07월 31일 | E6: 302039606656 | F6: 부미혜 | G6: 아워사고 | H6: 누락 | I6: 201978000068 | J6: [M냉장]오리훈제 180g** | K6: 2 | O6: 302039889843 | Q6: 2750 | R6: 1485 | S6: =SUM(P6:R6) -> 4235
A7: =A6+1 -> 6 | B7: 목우촌 | C7: 08월 06일 | D7: 07월 30일 | E7: 302039565544 | F7: 김정호 | G7: 아워사고 | H7: 누락 | I7: 201978000062 | J7: [M상온]쇠고기육포 50g | K7: 5 | O7: 302039965992 | Q7: 2970 | R7: 231 | S7: =SUM(P7:R7) -> 3201
A8: =A7+1 -> 7 | B8: 목우촌 | C8: 08월 06일 | D8: 08월 02일 | E8: 302053303781 | F8: 유혜련 | G8: 아워사고 | H8: 누락 | I8: 201991000106 | J8: [M냉동]목우촌 저당 한입닭가슴살 바베큐맛 100g | K8: 8 | O8: 302053429803 | Q8: 3795 | R8: 1540 | S8: =SUM(P8:R8) -> 5335
A9: =A8+1 -> 8 | B9: 목우촌 | C9: 08월 06일 | D9: 07월 31일 | E9: 302053244303 | F9: 오영미 | G9: 아워사고 | H9: 누락 | I9: 201978000045 | J9: [M냉장]주부9단프랑크소시지 500g** | K9: 1 | O9: 302053430260 | Q9: 2750 | R9: 1485 | S9: =SUM(P9:R9) -> 4235
A10: =A9+1 -> 9 | B10: 목우촌 | C10: 08월 06일 | D10: 08월 03일 | E10: 302053347225 | F10: 길광순 | G10: 아워사고 | H10: 누락 | I10: 201978000126 | J10: [M상온]주부9단 한우 사골곰탕 450g(리뉴얼) | K10: 1 | O10: 302053430293 | Q10: 2970 | R10: 231 | S10: =SUM(P10:R10) -> 3201
A11: =A10+1 -> 10 | B11: 목우촌 | C11: 08월 06일 | D11: 08월 03일 | E11: 302053339816 | F11: 황유라 | G11: 아워사고 | H11: 누락 | I11: 202008000058 | J11: [M냉장]주부9단 나주배 오리훈제200g | K11: 2 | O11: 환불내역서 | Q11: 2750 | R11: 1485 | S11: =SUM(P11:R11) -> 4235
A12: =A11+1 -> 11 | B12: 목우촌 | C12: 08월 06일 | D12: 07월 30일 | E12: 302053201301 | F12: 허은경 | G12: 아워사고 | H12: 누락 | I12: 201991000056 | J12: [M상온]생생육포블랙페퍼30g | K12: 1 | O12: 302053430330 | Q12: 2970 | R12: 231 | S12: =SUM(P12:R12) -> 3201
A13: =A12+1 -> 12 | B13: 목우촌 | C13: 08월 06일 | D13: 08월 03일 | E13: 302039730280 | F13: 이승헌 | G13: 아워사고 | H13: 누락 | I13: 201991000107 | J13: [M냉동]목우촌 저당 통닭가슴살 버터갈릭맛 100g | K13: 1 | O13: 302040010851 | Q13: 3245 | R13: 1320 | S13: =SUM(P13:R13) -> 4565
A14: =A13+1 -> 13 | B14: 목우촌 | C14: 08월 06일 | D14: 08월 02일 | E14: 302053303221 | F14: 임수진 | G14: 아워사고 | H14: 누락 | I14: 201978000034 | J14: [M상온]뚝심 200g | K14: 1 | O14: 302053430400 | Q14: 2750 | R14: 605 | S14: =SUM(P14:R14) -> 3355
A15: =A14+1 -> 14 | B15: 목우촌 | C15: 08월 06일 | D15: 07월 30일 | E15: 302039561613 | F15: 강민성 | G15: 아워사고 | H15: 누락 | I15: 201978000068 | J15: [M냉장]오리훈제 180g** | K15: 8 | O15: 302053430411 | Q15: 2750 | R15: 1320 | S15: =SUM(P15:R15) -> 4070
A16: =A15+1 -> 15 | B16: 목우촌 | C16: 08월 06일 | D16: 07월 30일 | E16: 302039561613 | F16: 강민성 | G16: 아워사고 | H16: 누락 | I16: 201987000207 | J16: [M냉동]주부9단 닭가슴살 피쉬어묵바 까망베르70g★단품 | K16: 1 | O16: 302053430411
A17: =A16+1 -> 16 | B17: 목우촌 | C17: 08월 06일 | D17: 07월 30일 | E17: 302039573631 | F17: 정은재 | G17: 아워사고 | H17: 누락 | I17: 201978000062 | J17: [M상온]쇠고기육포 50g | K17: 5 | O17: 302053430503 | Q17: 2970 | R17: 231 | S17: =SUM(P17:R17) -> 3201
A18: =A17+1 -> 17 | B18: 목우촌 | C18: 08월 07일 | D18: 08월 02일 | E18: 302053303571 | F18: 심정연 | G18: 아워사고 | H18: 누락 | I18: 201991000158 | J18: [M냉장] 티니핑치즈비엔나175g*2 | K18: 1 | O18: 302053442451 | Q18: 3245 | R18: 1485 | S18: =SUM(P18:R18) -> 4730
A19: =A18+1 -> 18 | B19: 목우촌 | C19: 08월 07일 | D19: 08월 03일 | E19: 302053307351 | F19: 김혜정 | G19: 아워사고 | H19: 누락 | I19: 201991000158 | J19: [M냉장] 티니핑치즈비엔나175g*2 | K19: 1 | O19: 302053451260 | Q19: 3245 | R19: 1485 | S19: =SUM(P19:R19) -> 4730
A20: =A19+1 -> 19 | B20: 목우촌 | C20: 08월 07일 | D20: 08월 04일 | E20: 302053356535 | F20: 신소영 | G20: 아워사고 | H20: 누락 | I20: 201978000068 | J20: [M냉장]오리훈제 180g** | K20: 1 | O20: 302053451326 | Q20: 2750 | R20: 1485 | S20: =SUM(P20:R20) -> 4235
A21: =A20+1 -> 20 | B21: 목우촌 | C21: 08월 07일 | D21: 08월 06일 | E21: 302053429663 | F21: 이재인 | G21: 아워사고 | H21: 누락 | I21: 201978000043 | J21: [M냉장]주부9단 로스구이햄250g** | K21: 2 | O21: 302053457346 | Q21: 2750 | R21: 1485 | S21: =SUM(P21:R21) -> 4235
A22: =A21+1 -> 21 | B22: 목우촌 | C22: 08월 10일 | D22: 08월 06일 | E22: 302039968346 | F22: 김지연 | G22: 아워사고 | H22: 누락 | I22: 201978000068 | J22: [M냉장]오리훈제 180g** | K22: 1 | O22: 302040186853 | Q22: 2750 | R22: 1595 | S22: =SUM(P22:R22) -> 4345
A23: =A22+1 -> 22 | B23: 목우촌 | C23: 08월 10일 | D23: 08월 06일 | E23: 302039926044 | F23: 이남희 | G23: 아워사고 | H23: 누락 | I23: 202008000058 | J23: [M냉장]주부9단 나주배 오리훈제200g | K23: 1 | O23: 302040186864 | Q23: 2750 | R23: 1485 | S23: =SUM(P23:R23) -> 4235
A24: =A23+1 -> 23 | B24: 목우촌 | C24: 08월 11일 | D24: 08월 06일 | E24: 302039930340 | F24: 남성혜 | G24: 아워사고 | H24: 누락 | I24: 201978000068 | J24: [M냉장]오리훈제 180g** | K24: 1 | O24: 302053560154 | Q24: 2750 | R24: 1595 | S24: =SUM(P24:R24) -> 4345
A25: =A24+1 -> 24 | B25: 목우촌 | C25: 08월 11일 | D25: 08월 07일 | E25: 302053451982 | F25: 크로바유통 | G25: 아워사고 | H25: 누락 | I25: 201991000166 | J25: [M냉동] 목우촌 저당 통닭가슴살 100g*15팩(3종*5팩) | K25: 1 | O25: 302053560191 | Q25: 3245 | R25: 1320 | S25: =SUM(P25:R25) -> 4565
A26: =A25+1 -> 25 | B26: 목우촌 | C26: 08월 11일 | D26: 08월 06일 | E26: 302039969083 | F26: 박우민 | G26: 아워사고 | H26: 누락 | I26: 201978000016 | J26: [M냉장]뽀로로와친구들파프리카라운드햄230gx2개** | K26: 1 | O26: 302053560482 | Q26: 3245 | R26: 1485 | S26: =SUM(P26:R26) -> 4730
A27: =A26+1 -> 26 | B27: 목우촌 | C27: 08월 11일 | D27: 07월 30일 | E27: 302039562350 | F27: 김진주 | G27: 아워사고 | H27: 누락 | I27: 201978000062 | J27: [M상온]쇠고기육포 50g | K27: 5 | O27: 302053570901 | Q27: 2970 | R27: 231 | S27: =SUM(P27:R27) -> 3201
A28: =A27+1 -> 27 | B28: 목우촌 | C28: 08월 12일 | D28: 08월 10일 | E28: 302053522715 | F28: 김경미 | G28: 아워사고 | H28: 누락 | I28: 201991000052 | J28: [M냉동]주부9단 바삭(파랑) 치킨텐더 600g(사조) | K28: 1 | O28: 302053608852 | Q28: 3245 | R28: 1320 | S28: =SUM(P28:R28) -> 4565
A29: =A28+1 -> 28 | B29: 목우촌 | C29: 08월 12일 | D29: 08월 11일 | E29: 302040276372 | F29: 윤지혜 | G29: 아워사고 | H29: 누락 | I29: 201978000138 | J29: [M냉동]골든치킨너겟 1.1kg* | K29: 2 | L29: 201978000107 | M29: [M냉동]열)골든치킨너겟☆720g☆* | N29: 2 | O29: 302040407213 | P29: 5627 | Q29: 3795 | R29: 1540 | S29: =SUM(P29:R29) -> 10962
A30: =A29+1 -> 29 | B30: 목우촌 | C30: 08월 12일 | D30: 08월 06일 | E30: 302039967016 | F30: 이상훈 | G30: 아워사고 | H30: 누락 | I30: 201978000018 | J30: [M냉장]★번들★뽀로로프랑크 번들(130g*3)** | K30: 1 | O30: 302053609342 | Q30: 3245 | R30: 1485 | S30: =SUM(P30:R30) -> 4730
A31: =A30+1 -> 30 | B31: 목우촌 | C31: 08월 14일 | D31: 08월 07일 | E31: 302039991774 | F31: 정일천 | G31: 아워사고 | H31: 누락 | I31: 201991000054 | J31: [M냉장]주부9단메종콜드컷햄페퍼370g | K31: 1 | O31: 302053703363 | Q31: 3300 | R31: 1375 | S31: =SUM(P31:R31) -> 4675
A32: =A31+1 -> 31 | B32: 목우촌 | C32: 08월 18일 | D32: 08월 10일 | E32: 302040139216 | F32: 최경진 | G32: 아워사고 | H32: 누락 | I32: 201987000206 | J32: [M상온]★번들★뚝심200gx3 | K32: 2 | O32: 302040602071 | Q32: 2475 | R32: 231 | S32: =SUM(P32:R32) -> 2706
A33: =A32+1 -> 32 | B33: 목우촌 | C33: 08월 18일 | D33: 08월 10일 | E33: 302040119642 | F33: 박미라 | G33: 아워사고 | H33: 누락 | I33: 201987000206 | J33: [M상온]★번들★뚝심200gx3 | K33: 4 | O33: 302040602104 | Q33: 2475 | R33: 231 | S33: =SUM(P33:R33) -> 2706
A34: =A33+1 -> 33 | B34: 목우촌 | C34: 08월 18일 | D34: 08월 12일 | E34: 302040370076 | F34: 박미림 | G34: 아워사고 | H34: 누락 | I34: 201991000109 | J34: [M냉동]목우촌 저당 통닭가슴살 숯불매콤맛 100g | K34: 5 | O34: 302040602115 | Q34: 3245 | R34: 1320 | S34: =SUM(P34:R34) -> 4565
A35: =A34+1 -> 34 | B35: 목우촌 | C35: 08월 18일 | D35: 08월 12일 | E35: 302053605993 | F35: 박보람 | G35: 아워사고 | H35: 누락 | I35: 201978000043 | J35: [M냉장]주부9단 로스구이햄250g** | K35: 1 | O35: 302053788903 | Q35: 2750 | R35: 1485 | S35: =SUM(P35:R35) -> 4235
A36: =A35+1 -> 35 | B36: 목우촌 | C36: 08월 20일 | D36: 08월 07일 | E36: 302040022574 | F36: 박문정 | G36: 아워사고 | H36: 누락 | I36: 201988000028 | J36: [M냉동]강된장시래기표고버섯밥 215g | K36: 1 | O36: 302040759512 | Q36: 3245 | R36: 1320 | S36: =SUM(P36:R36) -> 4565
A37: =A36+1 -> 36 | B37: 목우촌 | C37: 08월 20일 | D37: 08월 18일 | E37: 302040635354 | F37: 김명선 | G37: 아워사고 | H37: 누락 | I37: 201978000043 | J37: [M냉장]주부9단 로스구이햄250g** | K37: 1 | O37: 302040759593 | Q37: 3245 | R37: 1485 | S37: =SUM(P37:R37) -> 4730
A38: =A37+1 -> 37 | B38: 목우촌 | C38: 08월 20일 | D38: 08월 18일 | E38: 302040635542 | F38: 김미혜 | G38: 아워사고 | H38: 누락 | I38: 201978000043 | J38: [M냉장]주부9단 로스구이햄250g** | K38: 1 | O38: 302040759604 | Q38: 3245 | R38: 1485 | S38: =SUM(P38:R38) -> 4730
A39: =A38+1 -> 38 | B39: 목우촌 | C39: 08월 20일 | D39: 08월 18일 | E39: 302040600273 | F39: 안현영 | G39: 아워사고 | H39: 누락 | I39: 201991000108 | J39: [M냉동]목우촌 저당 통닭가슴살 데리야끼맛 100g | K39: 3 | O39: 302053830100 | Q39: 2750 | R39: 1320 | S39: =SUM(P39:R39) -> 4070
A40: =A39+1 -> 39 | B40: 목우촌 | C40: 08월 20일 | D40: 08월 18일 | E40: 302040600273 | F40: 안현영 | G40: 아워사고 | H40: 누락 | I40: 201991000107 | J40: [M냉동]목우촌 저당 통닭가슴살 버터갈릭맛 100g | K40: 3 | O40: 302053830100
A41: =A40+1 -> 40 | B41: 목우촌 | C41: 08월 21일 | D41: 08월 18일 | E41: 302040650135 | F41: 이금자 | G41: 아워사고 | H41: 누락 | I41: 201978000041 | J41: [M냉장]주부9단 살코기햄 1kg** | K41: 1 | O41: 302040791351 | Q41: 2750 | R41: 1485 | S41: =SUM(P41:R41) -> 4235
A42: =A41+1 -> 41 | B42: 목우촌 | C42: 08월 21일 | D42: 8월 18일 | E42: 302040635844 | F42: 김미순 | G42: 아워사고 | H42: 누락 | I42: 201978000043 | J42: [M냉장]주부9단 로스구이햄250g** | K42: 1 | O42: 302040791384 | Q42: 3245 | R42: 1485 | S42: =SUM(P42:R42) -> 4730
A43: =A42+1 -> 42 | B43: 목우촌 | C43: 08월 21일 | D43: 8월 11일 | E43: 302040277886 | F43: 김란 | G43: 아워사고 | H43: 누락 | I43: 201978000151 | J43: [M냉동]무항)닭가슴살IQF 1000* | K43: 4 | L43: 201987000002 | M43: [M냉동]무항생제IQF아랫날개(윙)1kg | N43: 4 | O43: 302040800344 | Q43: 3795 | R43: 1540 | S43: =SUM(P43:R43) -> 5335
A44: =A43+1 -> 43 | B44: 목우촌 | C44: 08월 24일 | D44: 8월 19일 | E44: 302053816785 | F44: 이훈 | G44: 아워사고 | H44: 누락 | I44: 201991000151 | J44: [M냉장] 주부9단 ★172g★ 육즙팡팡 비엔나 소시지 | K44: 1 | O44: 302053947604 | Q44: 3245 | R44: 1485 | S44: =SUM(P44:R44) -> 4730
A45: =A44+1 -> 44 | B45: 목우촌 | C45: 08월 24일 | D45: 8월 20일 | E45: 302040743784 | F45: 고경남 | G45: 아워사고 | H45: 누락 | I45: 201978000149 | J45: [M냉장]주부9단순살학센슬라이스500g** | K45: 1 | O45: 302040904913 | Q45: 3795 | R45: 1100 | S45: =SUM(P45:R45) -> 4895
A46: =A45+1 -> 45 | B46: 목우촌 | C46: 08월 24일 | D46: 8월 20일 | E46: 302053843676 | F46: 전응석 | G46: 아워사고 | H46: 누락 | I46: 201978000150 | J46: [M냉장]참나무훈연 오리훈제 410g** | K46: 4 | L46: 201991000041 | M46: [M냉장]F2) 주부9단 블랙페퍼 닭가슴살 420g(하담) | N46: 2 | O46: 302053957474 | Q46: 3795 | R46: 1100 | S46: =SUM(P46:R46) -> 4895
A47: =A46+1 -> 46 | B47: 목우촌 | C47: 08월 24일 | D47: 8월 21일 | E47: 302053869484 | F47: 신중련 | G47: 아워사고 | H47: 누락 | I47: 201978000034 | J47: [M상온]뚝심 200g | K47: 24 | L47: 201991000005 | M47: [M상온]치즈뚝심200g | N47: 24 | O47: 302053946786 | Q47: 2475 | R47: 231 | S47: =SUM(P47:R47) -> 2706
A48: =A47+1 -> 47 | B48: 목우촌 | C48: 08월 31일 | D48: 8월 28일 | E48: 302054160894 | F48: 하지연 | G48: 아워사고 | H48: 누락 | I48: 201987000291 | J48: [M냉장] 뽀로로 비엔나 ★270g★ | K48: 1 | O48: 302054259325 | Q48: 3245 | R48: 1595 | S48: =SUM(P48:R48) -> 4840
A49: =A48+1 -> 48 | B49: 목우촌 | C49: 08월 31일 | D49: 8월 28일 | E49: 302054165923 | F49: 성미경 | G49: 아워사고 | H49: 아이스팩 파손 | L49: 202008000058 | M49: [M냉장]주부9단 나주배 오리훈제200g | N49: 4 | O49: 환불내역서 | P49: 2413 | Q49: 2750 | R49: 1485 | S49: =SUM(P49:R49) -> 6648
A50: =A49+1 -> 49 | B50: 목우촌 | C50: 08월 07일 | D50: 07월 28일 | E50: 302039437116 | F50: 유지영 | G50: 아워사고 | H50: 아이스팩누락 | L50: 201978000068 | M50: [M냉장]오리훈제 180g** | N50: 10 | O50: 302040018805 | P50: 2267 | Q50: 2750 | R50: 1595 | S50: =SUM(P50:R50) -> 6612
A51: =A50+1 -> 50 | B51: 목우촌 | C51: 08월 19일 | D51: 08월 11일 | E51: 302040220383 | F51: 신승원 | G51: 아워사고 | H51: 아이스팩누락 | L51: 201987000293 | M51: 창립기념세트(축산)[M냉장]목우촌 프로포크 목살500g (1EA) + [M냉장] 뽀로로 비엔나 ★270g★ (1EA) + [M냉장] 주부9단 ★350g★ 육즙팡팡 프랑크 소시지 (1EA) + [M냉장] 목우촌 정성담은 한끼 오리훈제 130gx3개 (1EA) + [M상온]안심삼계탕 850g (1EA) + [M상온] 쌍화삼계탕 850g (1EA) + [M냉장]주부9단메종콜드컷햄페퍼370g (1EA) | N51: 1 | O51: 302040702845 | P51: - | Q51: 3300 | R51: 1375 | S51: =SUM(P51:R51) -> 4675
A52: =A51+1 -> 51 | B52: 목우촌 | C52: 08월 03일 | D52: 07월 29일 | E52: 302039493481 | F52: 홍윤경 | G52: 아워사고 | H52: 아이스팩터짐 | L52: 201978000041 | M52: [M냉장]주부9단 살코기햄 1kg** | N52: 2 | O52: 302053346934 | P52: 5862 | Q52: 2750 | R52: 1485 | S52: =SUM(P52:R53) -> 11597
A53: =A52+1 -> 52 | B53: 목우촌 | C53: 08월 03일 | D53: 07월 29일 | E53: 302039493481 | F53: 홍윤경 | G53: 아워사고 | H53: 아이스팩터짐 | L53: 201978000043 | M53: [M냉장]주부9단 로스구이햄250g** | N53: 1 | O53: 302053346934 | P53: 1500
A54: =A53+1 -> 53 | B54: 목우촌 | C54: 08월 05일 | D54: 07월 31일 | E54: 302039606881 | F54: 박현숙 | G54: 아워사고 | H54: 아이스팩터짐 | L54: 201978000041 | M54: [M냉장]주부9단 살코기햄 1kg** | N54: 2 | O54: 302039889854 | P54: 5862 | Q54: 2750 | R54: 1485 | S54: =SUM(P54:R55) -> 11597
A55: =A54+1 -> 54 | B55: 목우촌 | C55: 08월 05일 | D55: 07월 31일 | E55: 302039606881 | F55: 박현숙 | G55: 아워사고 | H55: 아이스팩터짐 | L55: 201978000043 | M55: [M냉장]주부9단 로스구이햄250g** | N55: 1 | O55: 302039889854 | P55: 1500
A56: =A55+1 -> 55 | B56: 목우촌 | C56: 08월 05일 | D56: 07월 30일 | E56: 302039561403 | F56: 박진희 | G56: 아워사고 | H56: 아이스팩터짐 | L56: 201978000041 | M56: [M냉장]주부9단 살코기햄 1kg** | N56: 2 | O56: 302039889865 | P56: 5862 | Q56: 2750 | R56: 1485 | S56: =SUM(P56:R57) -> 11597
A57: =A56+1 -> 56 | B57: 목우촌 | C57: 08월 05일 | D57: 07월 30일 | E57: 302039561403 | F57: 박진희 | G57: 아워사고 | H57: 아이스팩터짐 | L57: 201978000043 | M57: [M냉장]주부9단 로스구이햄250g** | N57: 1 | O57: 302039889865 | P57: 1500
A58: =A57+1 -> 57 | B58: 목우촌 | C58: 08월 04일 | D58: 07월 30일 | E58: 302053201883 | F58: 방길수 | G58: 아워사고 | H58: 아이스팩파손 | L58: 201978000045 | M58: [M냉장]주부9단프랑크소시지 500g** | N58: 1 | O58: 환불내역서 | P58: 3597 | Q58: 2750 | R58: 1485 | S58: =SUM(P58:R59) -> 13694
A59: =A58+1 -> 58 | B59: 목우촌 | C59: 08월 04일 | D59: 07월 30일 | E59: 302053201883 | F59: 방길수 | G59: 아워사고 | H59: 아이스팩파손 | L59: 201978000041 | M59: [M냉장]주부9단 살코기햄 1kg** | N59: 1 | O59: 환불내역서 | P59: 5862
A60: =A59+1 -> 59 | B60: 목우촌 | C60: 08월 10일 | D60: 08월 03일 | E60: 302039756073 | F60: 박준희 | G60: 아워사고 | H60: 아이스팩파손 | L60: 201991000143 | M60: [M냉장] 프라임 비엔나 1kg(7개입) | N60: 2 | O60: 환불내역서 | P60: 6562 | Q60: 3245 | R60: 1485 | S60: =SUM(P60:R60) -> 11292
A61: =A60+1 -> 60 | B61: 목우촌 | C61: 08월 06일 | D61: 08월 03일 | E61: 302053349071 | F61: 박현아 | G61: 아워사고 | H61: 유통기한없는 상품 배송 | L61: 201978000043 | M61: [M냉장]주부9단 로스구이햄250g** | N61: 4 | O61: 302053430326 | P61: 9900 | Q61: 2750 | R61: 1485 | S61: =SUM(P61:R61) -> 14135
A62: =A61+1 -> 61 | B62: 목우촌 | C62: 08월 18일 | D62: 08월 12일 | E62: 302053609180 | F62: 주성원 | G62: 아워사고 | H62: 임박재고출고 | L62: 201978000061 | M62: [M냉장]주부9단 살코기햄 ★600g★** | N62: 1 | O62: 환불내역서 | P62: 5862 | Q62: 3245 | R62: 1485 | S62: =SUM(P62:R62) -> 10592
A63: =A62+1 -> 62 | B63: 목우촌 | C63: 08월 07일 | D63: 08월 04일 | E63: 302053371946 | F63: 박새롬 | G63: 택배사고 | H63: 파손수령 | L63: 201978000016 | M63: [M냉장]뽀로로와친구들파프리카라운드햄230gx2개** | N63: 2 | O63: 302053451374 | P63: 7800 | Q63: 3245 | R63: 1485 | S63: =SUM(P63:R63) -> 12530
A64: =A63+1 -> 63 | B64: 목우촌 | C64: 08월 24일 | D64: 8월 18일 | E64: 302040642251 | F64: 박우상 | G64: 택배사고 | H64: 박스갈이 | L64: 201978000138 | M64: [M냉동]골든치킨너겟 1.1kg* | N64: 2 | O64: 환불내역서 | P64: 19730 | Q64: 2750 | R64: 1430 | S64: =SUM(P64:R64) -> 23910
A65: =A64+1 -> 64 | B65: 목우촌 | C65: 08월 03일 | D65: 08월 01일 | E65: 302053271662 | F65: 오창규 | G65: 택배사고 | H65: 배송지연 | L65: 201978000068 | M65: [M냉장]오리훈제 180g** | N65: 3 | O65: 환불내역서 | P65: 13950 | Q65: 3245 | R65: 1485 | S65: =SUM(P65:R65) -> 18680
A66: =A65+1 -> 65 | B66: 목우촌 | C66: 08월 03일 | D66: 07월 30일 | E66: 302053196110 | F66: 한아름 | G66: 택배사고 | H66: 배송지연 | L66: 201978000045 | M66: [M냉장]주부9단프랑크소시지 500g** | N66: 1 | O66: 환불내역서 | P66: 12900 | Q66: 3245 | R66: 1485 | S66: =SUM(P66:R66) -> 17630
A67: =A66+1 -> 66 | B67: 목우촌 | C67: 08월 03일 | D67: 07월 30일 | E67: 302053196110 | F67: 한아름 | G67: 택배사고 | H67: 배송지연 | L67: 201978000041 | M67: [M냉장]주부9단 살코기햄 1kg** | N67: 1 | O67: 환불내역서
A68: =A67+1 -> 67 | B68: 목우촌 | C68: 08월 04일 | D68: 07월 27일 | E68: 302039321104 | F68: 조무영 | G68: 택배사고 | H68: 배송지연 | L68: 201978000151 | M68: [M냉동]무항)닭가슴살IQF 1000* | N68: 10 | O68: 환불내역서 | P68: 68800 | Q68: 6215 | R68: 2695 | S68: =SUM(P68:R68) -> 77710
A69: =A68+1 -> 68 | B69: 목우촌 | C69: 08월 04일 | D69: 07월 29일 | E69: 302039496174 | F69: 비니배니 | G69: 택배사고 | H69: 배송지연 | L69: 201978000041 | M69: [M냉장]주부9단 살코기햄 1kg** | N69: 2 | O69: 302039824076 | P69: 18900 | Q69: 2750 | R69: 1485 | S69: =SUM(P69:R69) -> 23135
A70: =A69+1 -> 69 | B70: 목우촌 | C70: 08월 04일 | D70: 07월 29일 | E70: 302039496174 | F70: 비니배니 | G70: 택배사고 | H70: 배송지연 | L70: 201978000043 | M70: [M냉장]주부9단 로스구이햄250g** | N70: 1 | O70: 302039824076
A71: =A70+1 -> 70 | B71: 목우촌 | C71: 08월 10일 | D71: 08월 05일 | E71: 302053410284 | F71: 서정복 | G71: 택배사고 | H71: 배송지연 | L71: 201978000068 | M71: [M냉장]오리훈제 180g** | N71: 8 | O71: 환불내역서 | P71: 29900 | Q71: 2750 | R71: 1485 | S71: =SUM(P71:R71) -> 34135
A72: =A71+1 -> 71 | B72: 목우촌 | C72: 08월 10일 | D72: 07월 29일 | E72: 302039513361 | F72: 이정례 | G72: 택배사고 | H72: 배송지연 | L72: 201978000043 | M72: [M냉장]주부9단 로스구이햄250g** | N72: 4 | O72: 302040186890 | P72: 11900 | Q72: 2750 | R72: 1485 | S72: =SUM(P72:R72) -> 16135
A73: =A72+1 -> 72 | B73: 목우촌 | C73: 08월 10일 | D73: 08월 07일 | E73: 302040000351 | F73: 김응록 | G73: 택배사고 | H73: 배송지연 | L73: 201978000068 | M73: [M냉장]오리훈제 180g** | N73: 10 | O73: 302053530872 | P73: 29900 | Q73: 2750 | R73: 1595 | S73: =SUM(P73:R73) -> 34245
A74: =A73+1 -> 73 | B74: 목우촌 | C74: 08월 10일 | D74: 08월 07일 | E74: 302053450755 | F74: 박하니 | G74: 택배사고 | H74: 배송지연 | L74: 201978000086 | M74: [M냉동]뽀로로 크리스피 핫도그 400g* ★파란색★ | N74: 2 | O74: 302053523533 | P74: 22220 | Q74: 3245 | R74: 1320 | S74: =SUM(P74:R74) -> 26785
A75: =A74+1 -> 74 | B75: 목우촌 | C75: 08월 10일 | D75: 08월 07일 | E75: 302053450755 | F75: 박하니 | G75: 택배사고 | H75: 배송지연 | L75: 201978000087 | M75: [M냉동]뽀로로 크리스피 치즈 핫도그 320g* ★빨간색★ | N75: 2 | O75: 302053523533
A76: =A75+1 -> 75 | B76: 목우촌 | C76: 08월 11일 | D76: 08월 06일 | E76: 302053428683 | F76: 황영ㅁ | G76: 택배사고 | H76: 배송지연 | L76: 201978000041 | M76: [M냉장]주부9단 살코기햄 1kg** | N76: 2 | O76: 환불내역서 | P76: 20500 | Q76: 2750 | R76: 1485 | S76: =SUM(P76:R76) -> 24735
A77: =A76+1 -> 76 | B77: 목우촌 | C77: 08월 11일 | D77: 08월 07일 | E77: 302053456753 | F77: 이경배 | G77: 택배사고 | H77: 배송지연 | L77: 201978000079 | M77: [M냉장]생생삼계탕 1kg** | N77: 3 | O77: 302053560213 | P77: 47900 | Q77: 3410 | R77: 594 | S77: =SUM(P77:R77) -> 51904
A78: =A77+1 -> 77 | B78: 목우촌 | C78: 08월 11일 | D78: 08월 07일 | E78: 302053456753 | F78: 이경배 | G78: 택배사고 | H78: 배송지연 | L78: 201991000083 | M78: [M냉장]생생우슬삼계탕_냉장 1000g | N78: 3 | O78: 302053560213
A79: =A78+1 -> 78 | B79: 목우촌 | C79: 08월 11일 | D79: 08월 06일 | E79: 302053429405 | F79: 정우현 | G79: 택배사고 | H79: 배송지연 | L79: 201991000166 | M79: [M냉동] 목우촌 저당 통닭가슴살 100g*15팩(3종*5팩) | N79: 1 | O79: 환불내역서 | P79: 17570 | Q79: 3245 | R79: 1320 | S79: =SUM(P79:R79) -> 22135
A80: =A79+1 -> 79 | B80: 목우촌 | C80: 08월 11일 | D80: 08월 07일 | E80: 302053451595 | F80: 김옥기 | G80: 택배사고 | H80: 배송지연 | L80: 202008000058 | M80: [M냉장]주부9단 나주배 오리훈제200g | N80: 2 | O80: 환불내역서 | P80: 11760 | Q80: 2750 | R80: 1485 | S80: =SUM(P80:R80) -> 15995
A81: =A80+1 -> 80 | B81: 목우촌 | C81: 08월 11일 | D81: 08월 07일 | E81: 302053452391 | F81: 박민경 | G81: 택배사고 | H81: 배송지연 | L81: 201978000149 | M81: [M냉장]주부9단순살학센슬라이스500g** | N81: 1 | O81: 환불내역서 | P81: 7700 | Q81: 3245 | R81: 1485 | S81: =SUM(P81:R82) -> 26430
A82: =A81+1 -> 81 | B82: 목우촌 | C82: 08월 11일 | D82: 08월 07일 | E82: 302053452391 | F82: 박민경 | G82: 택배사고 | H82: 배송지연 | L82: 201978000046 | M82: [M냉장]주부9단 비엔나소시지 700g(F3/사조) | N82: 2 | O82: 환불내역서 | P82: 14000
A83: =A82+1 -> 82 | B83: 목우촌 | C83: 08월 11일 | D83: 08월 07일 | E83: 302053461620 | F83: 최민지 | G83: 택배사고 | H83: 배송지연 | L83: 201978000150 | M83: [M냉장]참나무훈연 오리훈제 410g** | N83: 1 | O83: 환불내역서 | P83: 8400 | Q83: 3245 | R83: 1485 | S83: =SUM(P83:R83) -> 13130
A84: =A83+1 -> 83 | B84: 목우촌 | C84: 08월 11일 | D84: 08월 07일 | E84: 302053465562 | F84: 박성웅 | G84: 택배사고 | H84: 배송지연 | L84: 201991000079 | M84: [M냉장]★번들★주부9단 오븐구이 닭가슴살스테이크420g | N84: 5 | O84: 환불내역서 | P84: 34900 | Q84: 3245 | R84: 1485 | S84: =SUM(P84:R84) -> 39630
A85: =A84+1 -> 84 | B85: 목우촌 | C85: 08월 11일 | D85: 08월 07일 | E85: 302040006603 | F85: 강은애 | G85: 택배사고 | H85: 배송지연 | L85: 202008000058 | M85: [M냉장]주부9단 나주배 오리훈제200g | N85: 6 | O85: 환불내역서 | P85: 20900 | Q85: 2750 | R85: 1485 | S85: =SUM(P85:R85) -> 25135
A86: =A85+1 -> 85 | B86: 목우촌 | C86: 08월 11일 | D86: 08월 07일 | E86: 302053452015 | F86: 정미화 | G86: 택배사고 | H86: 배송지연 | L86: 201978000017 | M86: [M냉장]★번들★뽀로로 비엔나 번들(270g*2)** | N86: 1 | O86: 환불내역서 | P86: 17570 | Q86: 3245 | R86: 1485 | S86: =SUM(P86:R86) -> 22300
A87: =A86+1 -> 86 | B87: 목우촌 | C87: 08월 11일 | D87: 08월 07일 | E87: 302053452015 | F87: 정미화 | G87: 택배사고 | H87: 배송지연 | L87: 201978000018 | M87: [M냉장]★번들★뽀로로프랑크 번들(130g*3)** | N87: 1 | O87: 환불내역서
A88: =A87+1 -> 87 | B88: 목우촌 | C88: 08월 11일 | D88: 08월 07일 | E88: 302040024921 | F88: 박미선 | G88: 택배사고 | H88: 배송지연 | L88: 201978000041 | M88: [M냉장]주부9단 살코기햄 1kg** | N88: 4 | O88: 302053560316 | P88: 35690 | Q88: 3795 | R88: 1100 | S88: =SUM(P88:R88) -> 40585
A89: =A88+1 -> 88 | B89: 목우촌 | C89: 08월 11일 | D89: 08월 07일 | E89: 302053465536 | F89: 이정희사장님 | G89: 택배사고 | H89: 배송지연 | L89: 201978000080 | M89: [M냉장]생생녹두삼계탕 1kg** | N89: 12 | O89: 환불내역서 | P89: 114700 | Q89: 3960 | R89: 770 | S89: =SUM(P89:R89) -> 119430
A90: =A89+1 -> 89 | B90: 목우촌 | C90: 08월 11일 | D90: 08월 07일 | E90: 302053450346 | F90: 양은지 | G90: 택배사고 | H90: 배송지연 | L90: 201978000150 | M90: [M냉장]참나무훈연 오리훈제 410g** | N90: 2 | O90: 302053560353 | P90: 16470 | Q90: 3795 | R90: 1100 | S90: =SUM(P90:R92) -> 55655
A91: =A90+1 -> 90 | B91: 목우촌 | C91: 08월 11일 | D91: 08월 07일 | E91: 302053450346 | F91: 양은지 | G91: 택배사고 | H91: 배송지연 | L91: 201978000106 | M91: [M냉장]주부9단 훈제치킨(닭다리) 120g** | N91: 6 | O91: 302053560353 | P91: 17060
A92: =A91+1 -> 91 | B92: 목우촌 | C92: 08월 11일 | D92: 08월 07일 | E92: 302053450346 | F92: 양은지 | G92: 택배사고 | H92: 배송지연 | L92: 201991000002 | M92: [M냉장]주부9단비엔나450g(F3/사조) | N92: 3 | O92: 302053560353 | P92: 17230
A93: =A92+1 -> 92 | B93: 목우촌 | C93: 08월 12일 | D93: 08월 07일 | E93: 302053452634 | F93: 배민제 | G93: 택배사고 | H93: 배송지연 | L93: 201978000068 | M93: [M냉장]오리훈제 180g** | N93: 10 | O93: 환불내역서 | P93: 36900 | Q93: 3245 | R93: 1595 | S93: =SUM(P93:R93) -> 41740
A94: =A93+1 -> 93 | B94: 목우촌 | C94: 08월 12일 | D94: 08월 08일 | E94: 302053469191 | F94: 정윤지 | G94: 택배사고 | H94: 배송지연 | L94: 201991000131 | M94: [M냉동] 주부9단 손맛가득 동그랑땡 360g | N94: 1 | O94: 302053607566 | P94: 5480 | Q94: 3245 | R94: 1320 | S94: =SUM(P94:R95) -> 15045
A95: =A94+1 -> 94 | B95: 목우촌 | C95: 08월 12일 | D95: 08월 08일 | E95: 302053469191 | F95: 정윤지 | G95: 택배사고 | H95: 배송지연 | L95: 201987000165 | M95: [M냉동]쏘바삭 ★청양레드★ 300g ★주황색★ | N95: 1 | O95: 302053607566 | P95: 5000
A96: =A95+1 -> 95 | B96: 목우촌 | C96: 08월 12일 | D96: 08월 06일 | E96: 302039970984 | F96: 선율이네 | G96: 택배사고 | H96: 배송지연 | L96: 201978000041 | M96: [M냉장]주부9단 살코기햄 1kg** | N96: 2 | O96: 환불내역서 | P96: 21440 | Q96: 2750 | R96: 1485 | S96: =SUM(P96:R96) -> 25675
A97: =A96+1 -> 96 | B97: 목우촌 | C97: 08월 12일 | D97: 08월 07일 | E97: 302053465816 | F97: 정은주 | G97: 택배사고 | H97: 배송지연 | L97: 201978000041 | M97: [M냉장]주부9단 살코기햄 1kg** | N97: 2 | O97: 환불내역서 | P97: 20920 | Q97: 2750 | R97: 1485 | S97: =SUM(P97:R97) -> 25155
A98: =A97+1 -> 97 | B98: 목우촌 | C98: 08월 12일 | D98: 08월 10일 | E98: 302053531793 | F98: 권정애 | G98: 택배사고 | H98: 배송지연 | L98: 201978000093 | M98: [M냉동]주부9단 오븐구이떡갈비 1kg* | N98: 2 | O98: 302053608874 | P98: 15710 | Q98: 3795 | R98: 1540 | S98: =SUM(P98:R98) -> 21045
A99: =A98+1 -> 98 | B99: 목우촌 | C99: 08월 18일 | D99: 08월 12일 | E99: 302040381744 | F99: 권나영 | G99: 택배사고 | H99: 배송지연 | L99: 201978000068 | M99: [M냉장]오리훈제 180g** | N99: 8 | O99: 환불내역서 | P99: 25900 | Q99: 2750 | R99: 1320 | S99: =SUM(P99:R99) -> 29970
A100: =A99+1 -> 99 | B100: 목우촌 | C100: 08월 18일 | D100: 08월 12일 | E100: 302040381744 | F100: 권나영 | G100: 택배사고 | H100: 배송지연 | L100: 201987000208 | M100: [M냉동]주부9단 닭가슴살 피쉬어묵바 매콤70g★단품★ | N100: 1 | O100: 환불내역서
...

Sheet 재고실사
B1: 재 고 조 사 목 록 표
B3: 화주사명 | D3: 목우촌 | J3: 조사자 | L3: 박영규 (인)
B4: 재고조사 기준시점 | D4: 2026-08-29 출고전 | J4: 검수자 | L4: 박영규 (인)
B5: 재고조사 실시일시 | D5: 2026-08-29 출고전 | J5: 최종확인자 | L5: 윤여민 (인)
B7: 순서 | C7: 품목 코드 | D7: 업체품목코드 | E7: 아워박스 제품명 | F7: 전산재고 | G7: 실사재고 | H7: 차이수량 | J7: 월 누계 출고수량 | K7: 매입원가 | L7: 총 재고수량 + 출고수량 매입원가 | M7: 차이금액 (-)
B8: 1 | C8: 201978000001 | D8: (비어 있음) | E8: 아이스박스 샘플출고 | F8: 1 | G8: 1 | H8: =G8-F8 -> 0 | L8: =(J8+G8)*K8 -> 0 | M8: =H8*K8 -> 0
B9: =B8+1 -> 2 | C9: 201978000002 | D9: 1100535/1100533 | E9: [M냉동]옛날돼지고기 삼겹살(3Pack/600g) * | F9: 61 | G9: 61 | H9: =G9-F9 -> 0 | L9: =(J9+G9)*K9 -> 0 | M9: =H9*K9 -> 0
B10: =B9+1 -> 3 | C10: 201978000003 | D10: 1100534 | E10: [M냉동]옛날돼지고기 목살(3Pack/600g) * | F10: 18 | G10: 18 | H10: =G10-F10 -> 0 | L10: =(J10+G10)*K10 -> 0 | M10: =H10*K10 -> 0
B11: =B10+1 -> 4 | C11: 201978000005 | D11: 1119801 | E11: [M냉동]뒷고기 두항정살 300g * | F11: 14 | G11: 14 | H11: =G11-F11 -> 0 | L11: =(J11+G11)*K11 -> 0 | M11: =H11*K11 -> 0
B12: =B11+1 -> 5 | C12: 201978000006 | D12: 1120001 | E12: [M냉동]뒷고기 뽈살 300g* | F12: 11 | G12: 10 | H12: =G12-F12 -> -1 | L12: =(J12+G12)*K12 -> 0 | M12: =H12*K12 -> 0
B13: =B12+1 -> 6 | C13: 201978000008 | D13: 1140708 | E13: [M냉동]감자탕용 돼지등뼈 2kg* | F13: 97 | G13: 98 | H13: =G13-F13 -> 1 | L13: =(J13+G13)*K13 -> 0 | M13: =H13*K13 -> 0
B14: =B13+1 -> 7 | C14: 201978000015 | D14: 1215705 | E14: [M냉장]주부9단비엔나250g*2(F2)** | F14: 14 | G14: 14 | H14: =G14-F14 -> 0 | L14: =(J14+G14)*K14 -> 0 | M14: =H14*K14 -> 0
B15: =B14+1 -> 8 | C15: 201978000016 | D15: 1216501 | E15: [M냉장]뽀로로와친구들파프리카라운드햄230gx2개** | F15: 50 | G15: 50 | H15: =G15-F15 -> 0 | L15: =(J15+G15)*K15 -> 0 | M15: =H15*K15 -> 0
B16: =B15+1 -> 9 | C16: 201978000017 | D16: 1217802 | E16: [M냉장]★번들★뽀로로 비엔나 번들(270g*2)** | F16: 18 | G16: 18 | H16: =G16-F16 -> 0 | L16: =(J16+G16)*K16 -> 0 | M16: =H16*K16 -> 0
B17: =B16+1 -> 10 | C17: 201978000018 | D17: 1218502 | E17: [M냉장]★번들★뽀로로프랑크 번들(130g*3)** | F17: 35 | G17: 35 | H17: =G17-F17 -> 0 | L17: =(J17+G17)*K17 -> 0 | M17: =H17*K17 -> 0
B18: =B17+1 -> 11 | C18: 201978000019 | D18: 1226603 | E18: [M냉장]★번들★갈비맛바420** | F18: 53 | G18: 53 | H18: =G18-F18 -> 0 | L18: =(J18+G18)*K18 -> 0 | M18: =H18*K18 -> 0
B19: =B18+1 -> 12 | C19: 201978000023 | D19: 1228301 | E19: [M냉장]주부9단 직화구이햄** | F19: 48 | G19: 48 | H19: =G19-F19 -> 0 | L19: =(J19+G19)*K19 -> 0 | M19: =H19*K19 -> 0
B20: =B19+1 -> 13 | C20: 201978000025 | D20: 1235021/1235001 | E20: [M냉장]프라임 식빵위의네모 110g** | F20: 4 | G20: 4 | H20: =G20-F20 -> 0 | L20: =(J20+G20)*K20 -> 0 | M20: =H20*K20 -> 0
B21: =B20+1 -> 14 | C21: 201978000026 | D21: 1235323/1235303 | E21: [M냉장]★번들★주부9단 옹기종기베이컨200g*2** | F21: 25 | G21: 17 | H21: =G21-F21 -> -8 | L21: =(J21+G21)*K21 -> 0 | M21: =H21*K21 -> 0
B22: =B21+1 -> 15 | C22: 201978000027 | D22: 1235901/1235921 | E22: [M냉장]한돈 삼겹 베이컨 200g** | F22: 20 | G22: 20 | H22: =G22-F22 -> 0 | L22: =(J22+G22)*K22 -> 0 | M22: =H22*K22 -> 0
B23: =B22+1 -> 16 | C23: 201978000030 | D23: 1243101 | E23: [M냉장]프라임 꼬치구이프랑크 400g** | F23: 115 | G23: 115 | H23: =G23-F23 -> 0 | L23: =(J23+G23)*K23 -> 0 | M23: =H23*K23 -> 0
B24: =B23+1 -> 17 | C24: 201978000032 | D24: 1254022/1254002 | E24: [M냉장]주부9단 슬라이스햄 100g+100g** | F24: 28 | G24: 28 | H24: =G24-F24 -> 0 | L24: =(J24+G24)*K24 -> 0 | M24: =H24*K24 -> 0
B25: =B24+1 -> 18 | C25: 201978000033 | D25: 1254902/1254922 | E25: [M냉장]용)신선한샌드위치햄120g*2** | F25: 11 | G25: 11 | H25: =G25-F25 -> 0 | L25: =(J25+G25)*K25 -> 0 | M25: =H25*K25 -> 0
B26: =B25+1 -> 19 | C26: 201978000034 | D26: 1270001 | E26: [M상온]뚝심 200g | F26: 5204 | G26: 5204 | H26: =G26-F26 -> 0 | L26: =(J26+G26)*K26 -> 0 | M26: =H26*K26 -> 0
B27: =B26+1 -> 20 | C27: 201978000036 | D27: 1270005 | E27: [M상온]뚝심 200g*4 | F27: 684 | G27: 684 | H27: =G27-F27 -> 0 | L27: =(J27+G27)*K27 -> 0 | M27: =H27*K27 -> 0
B28: =B27+1 -> 21 | C28: 201978000037 | D28: 1270101 | E28: [M상온]뚝심 340g | F28: 2271 | G28: 2271 | H28: =G28-F28 -> 0 | L28: =(J28+G28)*K28 -> 0 | M28: =H28*K28 -> 0
B29: =B28+1 -> 22 | C29: 201978000039 | D29: 1277701 | E29: [M상온]뚝심120g | F29: 144 | G29: 144 | H29: =G29-F29 -> 0 | L29: =(J29+G29)*K29 -> 0 | M29: =H29*K29 -> 0
B30: =B29+1 -> 23 | C30: 201978000040 | D30: 1277702 | E30: [M상온]뚝심120g (대용량) | F30: 155 | G30: 155 | H30: =G30-F30 -> 0 | L30: =(J30+G30)*K30 -> 0 | M30: =H30*K30 -> 0
B31: =B30+1 -> 24 | C31: 201978000041 | D31: 1282101 | E31: [M냉장]주부9단 살코기햄 1kg** | F31: 10225 | G31: 10225 | H31: =G31-F31 -> 0 | L31: =(J31+G31)*K31 -> 0 | M31: =H31*K31 -> 0
B32: =B31+1 -> 25 | C32: 201978000043 | D32: 1283001 | E32: [M냉장]주부9단 로스구이햄250g** | F32: 1488 | G32: 1488 | H32: =G32-F32 -> 0 | L32: =(J32+G32)*K32 -> 0 | M32: =H32*K32 -> 0
B33: =B32+1 -> 26 | C33: 201978000044 | D33: 1283002 | E33: [M냉장]주부9단 ★번들★로스구이햄500g ** | F33: 1 | G33: 0 | H33: =G33-F33 -> -1 | L33: =(J33+G33)*K33 -> 0 | M33: =H33*K33 -> 0
B34: =B33+1 -> 27 | C34: 201978000045 | D34: 1284301 | E34: [M냉장]주부9단프랑크소시지 500g** | F34: 1740 | G34: 1740 | H34: =G34-F34 -> 0 | L34: =(J34+G34)*K34 -> 0 | M34: =H34*K34 -> 0
B35: =B34+1 -> 28 | C35: 201978000046 | D35: 1284404 | E35: [M냉장]주부9단 비엔나소시지 700g(F3/사조) | F35: 8 | G35: 8 | H35: =G35-F35 -> 0 | L35: =(J35+G35)*K35 -> 0 | M35: =H35*K35 -> 0
B36: =B35+1 -> 29 | C36: 201978000049 | D36: 1357602 | E36: [M폴리세트]목우촌 행복가득 스페셜 | F36: 633 | G36: 633 | H36: =G36-F36 -> 0 | L36: =(J36+G36)*K36 -> 0 | M36: =H36*K36 -> 0
B37: =B36+1 -> 30 | C37: 201978000052 | D37: 1400088 | E37: [M합포장]해피빈스티커 | F37: 527 | G37: 527 | H37: =G37-F37 -> 0 | L37: =(J37+G37)*K37 -> 0 | M37: =H37*K37 -> 0
... B44: =B43+1 -> 37 | C44: 201978000060 | D44: 1400096 | E44: [M합포장]해피빈통통볼지비츠 | F44: 491 | G44: 491 | H44: =G44-F44 -> 0 | L44: =(J44+G44)*K44 -> 0 | M44: =H44*K44 -> 0
B45: =B44+1 -> 38 | C45: 201978000061 | D45: 1406803/1406801 | E45: [M냉장]주부9단 살코기햄 ★600g★** | F45: 330 | G45: 330 | H45: =G45-F45 -> 0 | L45: =(J45+G45)*K45 -> 0 | M45: =H45*K45 -> 0
B46: =B45+1 -> 39 | C46: 201978000062 | D46: 1450301/1450001 | E46: [M상온]쇠고기육포 50g | F46: 271 | G46: 253 | H46: =G46-F46 -> -18 | L46: =(J46+G46)*K46 -> 0 | M46: =H46*K46 -> 0
B47: =B46+1 -> 40 | C47: 201978000063 | D47: 1450401/1450002 | E47: [M상온]목우촌쇠고기육포100g(50*2) | F47: 676 | G47: 675 | H47: =G47-F47 -> -1 | L47: =(J47+G47)*K47 -> 0 | M47: =H47*K47 -> 0
B48: =B47+1 -> 41 | C48: 201978000065 | D48: 1452501 | E48: [M상온]프라임 대용량캔햄1.8kg(사조) | F48: 31 | G48: 31 | H48: =G48-F48 -> 0 | L48: =(J48+G48)*K48 -> 0 | M48: =H48*K48 -> 0
B49: =B48+1 -> 42 | C49: 201978000066 | D49: 1598801 | E49: [M냉장]홀그레인머스타드소스 160g** | F49: 721 | G49: 721 | H49: =G49-F49 -> 0 | L49: =(J49+G49)*K49 -> 0 | M49: =H49*K49 -> 0
B50: =B49+1 -> 43 | C50: 201978000067 | D50: 1809002 | E50: [M냉동]목우촌 찜갈비1.5kg(냉동) * | F50: 25 | G50: 25 | H50: =G50-F50 -> 0 | L50: =(J50+G50)*K50 -> 0 | M50: =H50*K50 -> 0
B51: =B50+1 -> 44 | C51: 201978000068 | D51: 3030301 | E51: [M냉장]오리훈제 180g** | F51: 12661 | G51: 12661 | H51: =G51-F51 -> 0 | L51: =(J51+G51)*K51 -> 0 | M51: =H51*K51 -> 0
B52: =B51+1 -> 45 | C52: 201978000069 | D52: 3068801 | E52: [M냉장]오메가3 오리훈제 400g ** | F52: 238 | G52: 237 | H52: =G52-F52 -> -1 | L52: =(J52+G52)*K52 -> 0 | M52: =H52*K52 -> 0
B53: =B52+1 -> 46 | C53: 201978000072 | D53: 3218701 | E53: [M냉동]오곡순살치킨 530g* | F53: 263 | G53: 264 | H53: =G53-F53 -> 1 | L53: =(J53+G53)*K53 -> 0 | M53: =H53*K53 -> 0
B54: =B53+1 -> 47 | C54: 201978000073 | D54: 3218901 | E54: [M냉동]통등심 돈까스 500g(분홍색)* | F54: 278 | G54: 278 | H54: =G54-F54 -> 0 | L54: =(J54+G54)*K54 -> 0 | M54: =H54*K54 -> 0
B55: =B54+1 -> 48 | C55: 201978000074 | D55: 3219001 | E55: [M냉동]★한입★ 돈까스 500g(노란색)* | F55: 868 | G55: 868 | H55: =G55-F55 -> 0 | L55: =(J55+G55)*K55 -> 0 | M55: =H55*K55 -> 0
B56: =B55+1 -> 49 | C56: 201978000077 | D56: 3219901 | E56: [M상온]목우촌삼계탕(온라인)850g | F56: 745 | G56: 745 | H56: =G56-F56 -> 0 | L56: =(J56+G56)*K56 -> 0 | M56: =H56*K56 -> 0
B57: =B56+1 -> 50 | C57: 201978000078 | D57: 3225301 | E57: [M냉동]목우촌 생생포차 순살 닭강정 220g* | F57: 703 | G57: 703 | H57: =G57-F57 -> 0 | L57: =(J57+G57)*K57 -> 0 | M57: =H57*K57 -> 0
B58: =B57+1 -> 51 | C58: 201978000079 | D58: 3228902/3228901 | E58: [M냉장]생생삼계탕 1kg** | F58: 1346 | G58: 1344 | H58: =G58-F58 -> -2 | L58: =(J58+G58)*K58 -> 0 | M58: =H58*K58 -> 0
B59: =B58+1 -> 52 | C59: 201978000080 | D59: 3229002/3229001 | E59: [M냉장]생생녹두삼계탕 1kg** | F59: 157 | G59: 157 | H59: =G59-F59 -> 0 | L59: =(J59+G59)*K59 -> 0 | M59: =H59*K59 -> 0
B60: =B59+1 -> 53 | C60: 201978000081 | D60: 3329102/3229101 | E60: [M냉장]생생황기닭백숙1000g** | F60: 147 | G60: 147 | H60: =G60-F60 -> 0 | L60: =(J60+G60)*K60 -> 0 | M60: =H60*K60 -> 0
B61: =B60+1 -> 54 | C61: 201978000086 | D61: 3247101 | E61: [M냉동]뽀로로 크리스피 핫도그 400g* ★파란색★ | F61: 643 | G61: 643 | H61: =G61-F61 -> 0 | L61: =(J61+G61)*K61 -> 0 | M61: =H61*K61 -> 0
B62: =B61+1 -> 55 | C62: 201978000087 | D62: 3247301 | E62: [M냉동]뽀로로 크리스피 치즈 핫도그 320g* ★빨간색★ | F62: 271 | G62: 271 | H62: =G62-F62 -> 0 | L62: =(J62+G62)*K62 -> 0 | M62: =H62*K62 -> 0
B63: =B62+1 -> 56 | C63: 201978000088 | D63: 3249001 | E63: [M상온]안심삼계탕 850g | F63: 54 | G63: 53 | H63: =G63-F63 -> -1 | L63: =(J63+G63)*K63 -> 0 | M63: =H63*K63 -> 0
B64: =B63+1 -> 57 | C64: 201978000089 | D64: 3249101 | E64: [M상온]안심삼계탕세트1호 3.4Kg | F64: 78 | G64: 78 | H64: =G64-F64 -> 0 | L64: =(J64+G64)*K64 -> 0 | M64: =H64*K64 -> 0
B65: =B64+1 -> 58 | C65: 201978000090 | D65: 3249201 | E65: [M상온]안심삼계탕세트 2호 | F65: 19 | G65: 19 | H65: =G65-F65 -> 0 | L65: =(J65+G65)*K65 -> 0 | M65: =H65*K65 -> 0
B66: =B65+1 -> 59 | C66: 201978000092 | D66: 3257201 | E66: [M냉동]열)동그랑땡800g* | F66: 218 | G66: 218 | H66: =G66-F66 -> 0 | L66: =(J66+G66)*K66 -> 0 | M66: =H66*K66 -> 0
B67: =B66+1 -> 60 | C67: 201978000093 | D67: 3257601 | E67: [M냉동]주부9단 오븐구이떡갈비 1kg* | F67: 630 | G67: 630 | H67: =G67-F67 -> 0 | L67: =(J67+G67)*K67 -> 0 | M67: =H67*K67 -> 0
B68: =B67+1 -> 61 | C68: 201978000096 | D68: 3262601 | E68: [M냉동]★번들★프라임 리얼 동그랑땡 300g*2* | F68: 126 | G68: 126 | H68: =G68-F68 -> 0 | L68: =(J68+G68)*K68 -> 0 | M68: =H68*K68 -> 0
B69: =B68+1 -> 62 | C69: 201978000099 | D69: 3263701 | E69: [M냉동]프라임 크리스피 핫도그 540g* ★하늘색★ | F69: 476 | G69: 475 | H69: =G69-F69 -> -1 | L69: =(J69+G69)*K69 -> 0 | M69: =H69*K69 -> 0
B70: =B69+1 -> 63 | C70: 201978000100 | D70: 3263801 | E70: [M냉동]프라임 모짜렐라 핫도그 450g* ★노란색★ | F70: 289 | G70: 289 | H70: =G70-F70 -> 0 | L70: =(J70+G70)*K70 -> 0 | M70: =H70*K70 -> 0
B71: =B70+1 -> 64 | C71: 201978000103 | D71: 3285202 | E71: [M냉동]쉐프9단 목우촌 탕수육 1.5kg* | F71: 408 | G71: 408 | H71: =G71-F71 -> 0 | L71: =(J71+G71)*K71 -> 0 | M71: =H71*K71 -> 0
B72: =B71+1 -> 65 | C72: 201978000105 | D72: 3286101 | E72: [M냉동]쉐프9단 목우촌 꿔바로우 1kg* ★초록색★ | F72: 73 | G72: 73 | H72: =G72-F72 -> 0 | L72: =(J72+G72)*K72 -> 0 | M72: =H72*K72 -> 0
... B111: =B110+1 -> 104 | C111: 201978000223 | D111: 1372901 | E111: [M폴리세트]마음가득M15호 | F111: 21 | G111: 21 | H111: =G111-F111 -> 0 | L111: =(J111+G111)*K111 -> 0 | M111: =H111*K111 -> 0
B112: =B111+1 -> 105 | C112: 201978000232 | D112: (비어 있음) | E112: [M송부세트]한우 한상가득 선물세트 | F112: 8 | G112: 8 | H112: =G112-F112 -> 0 | L112: =(J112+G112)*K112 -> 0 | M112: =H112*K112 -> 0
B113: =B112+1 -> 106 | C113: 201987000001 | D113: 3939503 | E113: [M냉동]무항생제IQF윗날개(봉)1kg | F113: 223 | G113: 223 | H113: =G113-F113 -> 0 | L113: =(J113+G113)*K113 -> 0 | M113: =H113*K113 -> 0
B114: =B113+1 -> 107 | C114: 201987000002 | D114: 3941503 | E114: [M냉동]무항생제IQF아랫날개(윙)1kg | F114: 168 | G114: 164 | H114: =G114-F114 -> -4 | L114: =(J114+G114)*K114 -> 0 | M114: =H114*K114 -> 0
B115: =B114+1 -> 108 | C115: 201987000003 | D115: 3582601 | E115: [M냉동]목우촌 냉동근위 500g | F115: 208 | G115: 206 | H115: =G115-F115 -> -2 | L115: =(J115+G115)*K115 -> 0 | M115: =H115*K115 -> 0
B116: =B115+1 -> 109 | C116: 201987000010 | D116: 1598901 | E116: [M냉장] 잠발라야소스 160g | F116: 121 | G116: 121 | H116: =G116-F116 -> 0 | L116: =(J116+G116)*K116 -> 0 | M116: =H116*K116 -> 0
B117: =B116+1 -> 110 | C117: 201987000012 | D117: 3249301 | E117: [M냉동]풍미삼계탕 1kg | F117: 1354 | G117: 1354 | H117: =G117-F117 -> 0 | L117: =(J117+G117)*K117 -> 0 | M117: =H117*K117 -> 0
B118: =B117+1 -> 111 | C118: 201987000019 | D118: 1219101 | E118: [M냉장] 주부9단 ★350g★ 육즙팡팡 프랑크 소시지 | F118: 54 | G118: 54 | H118: =G118-F118 -> 0 | L118: =(J118+G118)*K118 -> 0 | M118: =H118*K118 -> 0
B119: =B118+1 -> 112 | C119: 201987000037 | D119: 3015101 | E119: [M냉장] 목우촌 깐메추리알 900g | F119: 79 | G119: 78 | H119: =G119-F119 -> -1 | L119: =(J119+G119)*K119 -> 0 | M119: =H119*K119 -> 0
B120: =B119+1 -> 113 | C120: 201987000041 | D120: 1203501 | E120: [M냉장] 주부9단 김밥햄 170g | F120: 128 | G120: 128 | H120: =G120-F120 -> 0 | L120: =(J120+G120)*K120 -> 0 | M120: =H120*K120 -> 0
B121: =B120+1 -> 114 | C121: 201987000046 | D121: 1463901 | E121: [M상온] 밥도둑 고기 고추장95g | F121: 2 | G121: 2 | H121: =G121-F121 -> 0 | L121: =(J121+G121)*K121 -> 0 | M121: =H121*K121 -> 0
B122: =B121+1 -> 115 | C122: 201987000047 | D122: 1452101 | E122: [M상온] 얹어먹는 장조림100g | F122: 316 | G122: 317 | H122: =G122-F122 -> 1 | L122: =(J122+G122)*K122 -> 0 | M122: =H122*K122 -> 0
B123: =B122+1 -> 116 | C123: 201987000048 | D123: 3405301 | E123: [M냉동] 주부9단 간장소불고기 1kg | F123: 38 | G123: 38 | H123: =G123-F123 -> 0 | L123: =(J123+G123)*K123 -> 0 | M123: =H123*K123 -> 0
B124: =B123+1 -> 117 | C124: 201987000049 | D124: 3405201 | E124: [M냉동] 주부9단 고추장돼지불고기 1kg | F124: 35 | G124: 35 | H124: =G124-F124 -> 0 | L124: =(J124+G124)*K124 -> 0 | M124: =H124*K124 -> 0
B125: =B124+1 -> 118 | C125: 201987000053 | D125: (비어 있음) | E125: [M상온] 몽구산타 수세미 | F125: 1 | G125: 1 | H125: =G125-F125 -> 0 | L125: =(J125+G125)*K125 -> 0 | M125: =H125*K125 -> 0
B126: =B125+1 -> 119 | C126: 201987000094 | D126: 1372601 | E126: [M폴리세트]마음가득M12호 | F126: 252 | G126: 252 | H126: =G126-F126 -> 0 | L126: =(J126+G126)*K126 -> 0 | M126: =H126*K126 -> 0
B127: =B126+1 -> 120 | C127: 201987000108 | D127: 1912901 | E127: [M폴리세트]전통가득육포세트(9개입) | F127: 293 | G127: 293 | H127: =G127-F127 -> 0 | L127: =(J127+G127)*K127 -> 0 | M127: =H127*K127 -> 0
B128: =B127+1 -> 121 | C128: 201987000109 | D128: 3327101 | E128: [M냉동]주부9단 김치우동 어묵전골 423g | F128: 36 | G128: 36 | H128: =G128-F128 -> 0 | L128: =(J128+G128)*K128 -> 0 | M128: =H128*K128 -> 0
B129: =B128+1 -> 122 | C129: 201987000110 | D129: 3327201 | E129: [M냉동]주부9단 유부우동 어묵전골 473g | F129: 36 | G129: 36 | H129: =G129-F129 -> 0 | L129: =(J129+G129)*K129 -> 0 | M129: =H129*K129 -> 0
B130: =B129+1 -> 123 | C130: 201987000135 | D130: 1465301 | E130: [M상온]을지로 골뱅이캔조림 400g | F130: 845 | G130: 845 | H130: =G130-F130 -> 0 | L130: =(J130+G130)*K130 -> 0 | M130: =H130*K130 -> 0
B131: =B130+1 -> 124 | C131: 201987000136 | D131: 3393201 | E131: [M냉동] 주부9단 추억의돈까스390g | F131: 2083 | G131: 2084 | H131: =G131-F131 -> 1 | L131: =(J131+G131)*K131 -> 0 | M131: =H131*K131 -> 0
B132: =B131+1 -> 125 | C132: 201987000144 | D132: 3941403 | E132: [M냉동]무항생제IQF 닭안심2kg | F132: 281 | G132: 281 | H132: =G132-F132 -> 0 | L132: =(J132+G132)*K132 -> 0 | M132: =H132*K132 -> 0
B133: =B132+1 -> 126 | C133: 201987000159 | D133: (비어 있음) | E133: [M상온]위글위글 피크닉 매트 | F133: 1639 | G133: 1639 | H133: =G133-F133 -> 0 | L133: =(J133+G133)*K133 -> 0 | M133: =H133*K133 -> 0
B134: =B133+1 -> 127 | C134: 201987000163 | D134: (비어 있음) | E134: *정성가득선물세트(부직포가방세트) | F134: 3602 | G134: 3602 | H134: =G134-F134 -> 0 | L134: =(J134+G134)*K134 -> 0 | M134: =H134*K134 -> 0
B135: =B134+1 -> 128 | C135: 201987000164 | D135: 3387201 | E135: [M냉동]쏘바삭 ★허니소이★ 300g ★노란색★ | F135: 402 | G135: 402 | H135: =G135-F135 -> 0 | L135: =(J135+G135)*K135 -> 0 | M135: =H135*K135 -> 0
B136: =B135+1 -> 129 | C136: 201987000165 | D136: 3387301 | E136: [M냉동]쏘바삭 ★청양레드★ 300g ★주황색★ | F136: 471 | G136: 471 | H136: =G136-F136 -> 0 | L136: =(J136+G136)*K136 -> 0 | M136: =H136*K136 -> 0
B137: =B136+1 -> 130 | C137: 201987000175 | D137: 3255101 | E137: [M냉동]목우촌 함박스테이크2 1kg | F137: 7 | G137: 7 | H137: =G137-F137 -> 0 | L137: =(J137+G137)*K137 -> 0 | M137: =H137*K137 -> 0
B138: =B137+1 -> 131 | C138: 201987000178 | D138: 1916802 | E138: [M폴리세트]마음가득S2호 | F138: 9 | G138: 9 | H138: =G138-F138 -> 0 | L138: =(J138+G138)*K138 -> 0 | M138: =H138*K138 -> 0
B139: =B138+1 -> 132 | C139: 201987000179 | D139: 1916902 | E139: [M폴리세트]마음가득S3호 | F139: 3 | G139: 3 | H139: =G139-F139 -> 0 | L139: =(J139+G139)*K139 -> 0 | M139: =H139*K139 -> 0
B140: =B139+1 -> 133 | C140: 201987000180 | D140: 1916602 | E140: [M폴리세트]마음가득S4호 | F140: 87 | G140: 87 | H140: =G140-F140 -> 0 | L140: =(J140+G140)*K140 -> 0 | M140: =H140*K140 -> 0
B141: =B140+1 -> 134 | C141: 201987000182 | D141: 1915003 | E141: [M폴리세트]생생육포세트(12개입) | F141: 12 | G141: 12 | H141: =G141-F141 -> 0 | L141: =(J141+G141)*K141 -> 0 | M141: =H141*K141 -> 0
B142: =B141+1 -> 135 | C142: 201987000183 | D142: (비어 있음) | E142: 내품은박보냉팩 | F142: 1404 | G142: 1404 | H142: =G142-F142 -> 0 | L142: =(J142+G142)*K142 -> 0 | M142: =H142*K142 -> 0
B143: =B142+1 -> 136 | C143: 201987000184 | D143: 1917102 | E143: [M폴리세트]밥심&뚝심세트 | F143: 63 | G143: 63 | H143: =G143-F143 -> 0 | L143: =(J143+G143)*K143 -> 0 | M143: =H143*K143 -> 0
B144: =B143+1 -> 137 | C144: 201987000186 | D144: 1372703 | E144: [M폴리세트]마음가득M13호(슬리브형) | F144: 291 | G144: 291 | H144: =G144-F144 -> 0 | L144: =(J144+G144)*K144 -> 0 | M144: =H144*K144 -> 0
B145: =B144+1 -> 138 | C145: 201987000200 | D145: 1801116 | E145: [M냉동]국내산 소고기 샤브샤브250g | F145: 481 | G145: 481 | H145: =G145-F145 -> 0 | L145: =(J145+G145)*K145 -> 0 | M145: =H145*K145 -> 0
B146: =B145+1 -> 139 | C146: 201987000201 | D146: 1801103 | E146: [M냉동]국내산 육우 차돌박이250g | F146: 149 | G146: 149 | H146: =G146-F146 -> 0 | L146: =(J146+G146)*K146 -> 0 | M146: =H146*K146 -> 0
...

Sheet 견적서
B2: 구분 | C2: 메일주소 | D2: 참조
B3: 마감자료 | C3: u2nation@naver.com heistgm123@naver.com
B4: 세금계산서 | C4: desire0640@naver.com moguchonnh@naver.com
